{
  "model_version": "rf_elimination_v4_experimental_research",
  "parent_version": "rf_elimination_v1_baseline",
  "task_type": "binary",
  "status": "completed",
  "dataset_name": "dataset_elimination_core",
  "dataset_variant": "core",
  "data_scope": "research_extended",
  "split_version": "splits_research_extended_frozen_v1",
  "preprocessing_version": "rf_preproc_v1",
  "seed": 42,
  "target": "target_elimination",
  "n_features_raw": 18,
  "n_features_final": 23,
  "train_rows": 1333,
  "val_rows": 286,
  "test_rows": 286,
  "best_params": {
    "model__n_estimators": 150,
    "model__min_samples_split": 2,
    "model__min_samples_leaf": 2,
    "model__max_features": 0.5,
    "model__max_depth": 10,
    "model__class_weight": "balanced_subsample"
  },
  "search_meta": {
    "best_cv_balanced_accuracy": 0.6396682425172066,
    "cv_splits": 3,
    "n_iter": 10
  },
  "threshold_strategy": "youden_j",
  "threshold_value": 0.12066615947080635,
  "calibration_strategy": "sigmoid",
  "validation_metrics": {
    "threshold": 0.12066615947080635,
    "accuracy": 0.8076923076923077,
    "balanced_accuracy": 0.8399859943977591,
    "precision": 0.37037037037037035,
    "recall": 0.8823529411764706,
    "sensitivity": 0.8823529411764706,
    "specificity": 0.7976190476190477,
    "f1": 0.5217391304347826,
    "support_negative": 252,
    "support_positive": 34,
    "confusion_matrix": [
      [
        201,
        51
      ],
      [
        4,
        30
      ]
    ],
    "normalized_confusion_matrix": [
      [
        0.7976190476190477,
        0.20238095238095238
      ],
      [
        0.11764705882352941,
        0.8823529411764706
      ]
    ],
    "roc_auc": 0.884453781512605,
    "pr_auc": 0.5328832524979693,
    "brier_score": 0.07664108758944546
  },
  "test_metrics": {
    "threshold": 0.12066615947080635,
    "accuracy": 0.8461538461538461,
    "balanced_accuracy": 0.8109243697478992,
    "precision": 0.41935483870967744,
    "recall": 0.7647058823529411,
    "sensitivity": 0.7647058823529411,
    "specificity": 0.8571428571428571,
    "f1": 0.5416666666666666,
    "support_negative": 252,
    "support_positive": 34,
    "confusion_matrix": [
      [
        216,
        36
      ],
      [
        8,
        26
      ]
    ],
    "normalized_confusion_matrix": [
      [
        0.8571428571428571,
        0.14285714285714285
      ],
      [
        0.23529411764705882,
        0.7647058823529411
      ]
    ],
    "roc_auc": 0.8891223155929038,
    "pr_auc": 0.4892660820242061,
    "brier_score": 0.0801516866215391
  },
  "notes": "Research-extended elimination challenger for controlled comparison (experimental only).",
  "experimental": true,
  "created_at": "2026-03-24T03:21:47.360653+00:00"
}