dataset,version,threshold,accuracy,balanced_accuracy,precision,recall,sensitivity,specificity,f1,support_negative,support_positive,confusion_matrix,normalized_confusion_matrix,roc_auc,pr_auc,brier_score,method
dataset_elimination_items,strict_no_leakage,0.11825589736366898,0.6678321678321678,0.6715686274509804,0.21495327102803738,0.6764705882352942,0.6764705882352942,0.6666666666666666,0.3262411347517731,252,34,"[[168, 84], [11, 23]]","[[0.6666666666666666, 0.3333333333333333], [0.3235294117647059, 0.6764705882352942]]",0.6572128851540616,0.2353511895932193,0.10084706310322272,youden_j
dataset_elimination_items,strict_no_leakage,0.129266,0.7552447552447552,0.6448412698412698,0.24285714285714285,0.5,0.5,0.7896825396825397,0.3269230769230769,252,34,"[[199, 53], [17, 17]]","[[0.7896825396825397, 0.21031746031746032], [0.5, 0.5]]",0.6572128851540616,0.2353511895932193,0.10084706310322272,best_f1
dataset_elimination_items,strict_no_leakage,0.085299,0.34615384615384615,0.565359477124183,0.13744075829383887,0.8529411764705882,0.8529411764705882,0.2777777777777778,0.23673469387755103,252,34,"[[70, 182], [5, 29]]","[[0.2777777777777778, 0.7222222222222222], [0.14705882352941177, 0.8529411764705882]]",0.6572128851540616,0.2353511895932193,0.10084706310322272,sensitivity_priority
dataset_elimination_items,strict_no_leakage,0.5,0.8811188811188811,0.5,0.0,0.0,0.0,1.0,0.0,252,34,"[[252, 0], [34, 0]]","[[1.0, 0.0], [1.0, 0.0]]",0.6572128851540616,0.2353511895932193,0.10084706310322272,fixed_0_5
