threshold,accuracy,balanced_accuracy,precision,recall,sensitivity,specificity,f1,support_negative,support_positive,confusion_matrix,normalized_confusion_matrix,roc_auc,pr_auc,brier_score,method
0.11825589736366898,0.6538461538461539,0.6509103641456583,0.2018348623853211,0.6470588235294118,0.6470588235294118,0.6547619047619048,0.3076923076923077,252,34,"[[165, 87], [12, 22]]","[[0.6547619047619048, 0.34523809523809523], [0.35294117647058826, 0.6470588235294118]]",0.6721521942110178,0.21343136631518428,0.10201151901547992,youden_j
0.085299,0.3811188811188811,0.6106442577030813,0.15121951219512195,0.9117647058823529,0.9117647058823529,0.30952380952380953,0.2594142259414226,252,34,"[[78, 174], [3, 31]]","[[0.30952380952380953, 0.6904761904761905], [0.08823529411764706, 0.9117647058823529]]",0.6721521942110178,0.21343136631518428,0.10201151901547992,sensitivity_priority
0.129266,0.6853146853146853,0.5669934640522876,0.16666666666666666,0.4117647058823529,0.4117647058823529,0.7222222222222222,0.23728813559322035,252,34,"[[182, 70], [20, 14]]","[[0.7222222222222222, 0.2777777777777778], [0.5882352941176471, 0.4117647058823529]]",0.6721521942110178,0.21343136631518428,0.10201151901547992,best_f1
0.5,0.8811188811188811,0.5,0.0,0.0,0.0,1.0,0.0,252,34,"[[252, 0], [34, 0]]","[[1.0, 0.0], [1.0, 0.0]]",0.6721521942110178,0.21343136631518428,0.10201151901547992,fixed_0_5
