threshold,accuracy,balanced_accuracy,precision,recall,sensitivity,specificity,f1,support_negative,support_positive,confusion_matrix,normalized_confusion_matrix,roc_auc,pr_auc,brier_score,method
0.742762,0.8251748251748252,0.8327876984126985,0.9044117647058824,0.76875,0.76875,0.8968253968253969,0.831081081081081,126,160,"[[113, 13], [37, 123]]","[[0.8968253968253969, 0.10317460317460317], [0.23125, 0.76875]]",0.9231150793650794,0.9420887010295378,0.11583962489756103,sensitivity_priority
0.774738111573687,0.8181818181818182,0.8273809523809523,0.9090909090909091,0.75,0.75,0.9047619047619048,0.821917808219178,126,160,"[[114, 12], [40, 120]]","[[0.9047619047619048, 0.09523809523809523], [0.25, 0.75]]",0.9231150793650794,0.9420887010295378,0.11583962489756103,youden_j
0.478136,0.8286713286713286,0.8257936507936507,0.84472049689441,0.85,0.85,0.8015873015873016,0.8473520249221184,126,160,"[[101, 25], [24, 136]]","[[0.8015873015873016, 0.1984126984126984], [0.15, 0.85]]",0.9231150793650794,0.9420887010295378,0.11583962489756103,best_f1
0.5,0.8251748251748252,0.8226686507936508,0.84375,0.84375,0.84375,0.8015873015873016,0.84375,126,160,"[[101, 25], [25, 135]]","[[0.8015873015873016, 0.1984126984126984], [0.15625, 0.84375]]",0.9231150793650794,0.9420887010295378,0.11583962489756103,fixed_0_5
