dataset,version,threshold,accuracy,balanced_accuracy,precision,recall,sensitivity,specificity,f1,support_negative,support_positive,confusion_matrix,normalized_confusion_matrix,roc_auc,pr_auc,brier_score,method
dataset_adhd_items,strict_no_leakage,0.774738111573687,0.9055944055944056,0.9107826086956521,0.958904109589041,0.8695652173913043,0.8695652173913043,0.952,0.9120521172638436,125,161,"[[119, 6], [21, 140]]","[[0.952, 0.048], [0.13043478260869565, 0.8695652173913043]]",0.958807453416149,0.9665238752056704,0.07523704528368444,youden_j
dataset_adhd_items,strict_no_leakage,0.742762,0.9055944055944056,0.9107826086956521,0.958904109589041,0.8695652173913043,0.8695652173913043,0.952,0.9120521172638436,125,161,"[[119, 6], [21, 140]]","[[0.952, 0.048], [0.13043478260869565, 0.8695652173913043]]",0.958807453416149,0.9665238752056704,0.07523704528368444,sensitivity_priority
dataset_adhd_items,strict_no_leakage,0.5,0.9055944055944056,0.9045217391304348,0.91875,0.9130434782608695,0.9130434782608695,0.896,0.9158878504672897,125,161,"[[112, 13], [14, 147]]","[[0.896, 0.104], [0.08695652173913043, 0.9130434782608695]]",0.958807453416149,0.9665238752056704,0.07523704528368444,fixed_0_5
dataset_adhd_items,strict_no_leakage,0.478136,0.9055944055944056,0.9045217391304348,0.91875,0.9130434782608695,0.9130434782608695,0.896,0.9158878504672897,125,161,"[[112, 13], [14, 147]]","[[0.896, 0.104], [0.08695652173913043, 0.9130434782608695]]",0.958807453416149,0.9665238752056704,0.07523704528368444,best_f1
