dataset,version,threshold,accuracy,balanced_accuracy,precision,recall,sensitivity,specificity,f1,support_negative,support_positive,confusion_matrix,normalized_confusion_matrix,roc_auc,pr_auc,brier_score,method
dataset_depression_combined,research_extended,0.06191752486002968,0.8741258741258742,0.9296875,0.45454545454545453,1.0,1.0,0.859375,0.625,256,30,"[[220, 36], [0, 30]]","[[0.859375, 0.140625], [0.0, 1.0]]",0.9747395833333332,0.8239658717792376,0.03896355018135712,youden_j
dataset_depression_combined,research_extended,0.292486,0.958041958041958,0.9177083333333333,0.7647058823529411,0.8666666666666667,0.8666666666666667,0.96875,0.8125,256,30,"[[248, 8], [4, 26]]","[[0.96875, 0.03125], [0.13333333333333333, 0.8666666666666667]]",0.9747395833333332,0.8239658717792376,0.03896355018135712,best_f1
dataset_depression_combined,research_extended,0.292486,0.958041958041958,0.9177083333333333,0.7647058823529411,0.8666666666666667,0.8666666666666667,0.96875,0.8125,256,30,"[[248, 8], [4, 26]]","[[0.96875, 0.03125], [0.13333333333333333, 0.8666666666666667]]",0.9747395833333332,0.8239658717792376,0.03896355018135712,sensitivity_priority
dataset_depression_combined,research_extended,0.5,0.9405594405594405,0.7755208333333333,0.8095238095238095,0.5666666666666667,0.5666666666666667,0.984375,0.6666666666666666,256,30,"[[252, 4], [13, 17]]","[[0.984375, 0.015625], [0.43333333333333335, 0.5666666666666667]]",0.9747395833333332,0.8239658717792376,0.03896355018135712,fixed_0_5
