threshold,accuracy,balanced_accuracy,precision,recall,sensitivity,specificity,f1,support_negative,support_positive,confusion_matrix,normalized_confusion_matrix,roc_auc,pr_auc,brier_score,method
0.292486,0.9335664335664335,0.8893229166666667,0.6410256410256411,0.8333333333333334,0.8333333333333334,0.9453125,0.7246376811594203,256,30,"[[242, 14], [5, 25]]","[[0.9453125, 0.0546875], [0.16666666666666666, 0.8333333333333334]]",0.9622395833333334,0.7720106647657016,0.04372590597254361,best_f1
0.292486,0.9335664335664335,0.8893229166666667,0.6410256410256411,0.8333333333333334,0.8333333333333334,0.9453125,0.7246376811594203,256,30,"[[242, 14], [5, 25]]","[[0.9453125, 0.0546875], [0.16666666666666666, 0.8333333333333334]]",0.9622395833333334,0.7720106647657016,0.04372590597254361,sensitivity_priority
0.06191752486002968,0.8391608391608392,0.8807291666666667,0.3888888888888889,0.9333333333333333,0.9333333333333333,0.828125,0.5490196078431373,256,30,"[[212, 44], [2, 28]]","[[0.828125, 0.171875], [0.06666666666666667, 0.9333333333333333]]",0.9622395833333334,0.7720106647657016,0.04372590597254361,youden_j
0.5,0.9335664335664335,0.7716145833333333,0.7391304347826086,0.5666666666666667,0.5666666666666667,0.9765625,0.6415094339622641,256,30,"[[250, 6], [13, 17]]","[[0.9765625, 0.0234375], [0.43333333333333335, 0.5666666666666667]]",0.9622395833333334,0.7720106647657016,0.04372590597254361,fixed_0_5
