dataset,version,threshold,accuracy,balanced_accuracy,precision,recall,sensitivity,specificity,f1,support_negative,support_positive,confusion_matrix,normalized_confusion_matrix,roc_auc,pr_auc,brier_score,method
dataset_anxiety_combined,strict_no_leakage,0.2281844962278277,0.8671328671328671,0.874832298136646,0.7959183673469388,0.936,0.936,0.8136645962732919,0.8602941176470589,161,125,"[[131, 30], [8, 117]]","[[0.8136645962732919, 0.18633540372670807], [0.064, 0.936]]",0.9400248447204969,0.9315174984633705,0.09472183988334354,youden_j
dataset_anxiety_combined,strict_no_leakage,0.227752,0.8671328671328671,0.874832298136646,0.7959183673469388,0.936,0.936,0.8136645962732919,0.8602941176470589,161,125,"[[131, 30], [8, 117]]","[[0.8136645962732919, 0.18633540372670807], [0.064, 0.936]]",0.9400248447204969,0.9315174984633705,0.09472183988334354,best_f1
dataset_anxiety_combined,strict_no_leakage,0.459491,0.8671328671328671,0.865888198757764,0.84251968503937,0.856,0.856,0.8757763975155279,0.8492063492063492,161,125,"[[141, 20], [18, 107]]","[[0.8757763975155279, 0.12422360248447205], [0.144, 0.856]]",0.9400248447204969,0.9315174984633705,0.09472183988334354,sensitivity_priority
dataset_anxiety_combined,strict_no_leakage,0.5,0.8671328671328671,0.8649937888198758,0.848,0.848,0.848,0.8819875776397516,0.848,161,125,"[[142, 19], [19, 106]]","[[0.8819875776397516, 0.11801242236024845], [0.152, 0.848]]",0.9400248447204969,0.9315174984633705,0.09472183988334354,fixed_0_5
