threshold,accuracy,balanced_accuracy,precision,recall,sensitivity,specificity,f1,support_negative,support_positive,confusion_matrix,normalized_confusion_matrix,roc_auc,pr_auc,brier_score,method
0.459491,0.8671328671328671,0.8652281746031746,0.8492063492063492,0.8492063492063492,0.8492063492063492,0.88125,0.8492063492063492,160,126,"[[141, 19], [19, 107]]","[[0.88125, 0.11875], [0.15079365079365079, 0.8492063492063492]]",0.9421130952380952,0.9288591775147813,0.09906050460726525,sensitivity_priority
0.5,0.8636363636363636,0.8604166666666666,0.8536585365853658,0.8333333333333334,0.8333333333333334,0.8875,0.8433734939759037,160,126,"[[142, 18], [21, 105]]","[[0.8875, 0.1125], [0.16666666666666666, 0.8333333333333334]]",0.9421130952380952,0.9288591775147813,0.09906050460726525,fixed_0_5
0.2281844962278277,0.8321678321678322,0.8415674603174603,0.7532467532467533,0.9206349206349206,0.9206349206349206,0.7625,0.8285714285714286,160,126,"[[122, 38], [10, 116]]","[[0.7625, 0.2375], [0.07936507936507936, 0.9206349206349206]]",0.9421130952380952,0.9288591775147813,0.09906050460726525,youden_j
0.227752,0.8321678321678322,0.8415674603174603,0.7532467532467533,0.9206349206349206,0.9206349206349206,0.7625,0.8285714285714286,160,126,"[[122, 38], [10, 116]]","[[0.7625, 0.2375], [0.07936507936507936, 0.9206349206349206]]",0.9421130952380952,0.9288591775147813,0.09906050460726525,best_f1
