threshold,accuracy,balanced_accuracy,precision,recall,sensitivity,specificity,f1,support_negative,support_positive,confusion_matrix,normalized_confusion_matrix,roc_auc,pr_auc,brier_score,method
0.3447431023282856,0.9405594405594405,0.878515625,0.6857142857142857,0.8,0.8,0.95703125,0.7384615384615385,256,30,"[[245, 11], [6, 24]]","[[0.95703125, 0.04296875], [0.2, 0.8]]",0.9651041666666667,0.7675670707838618,0.042960287371645874,youden_j
0.344743,0.9405594405594405,0.878515625,0.6857142857142857,0.8,0.8,0.95703125,0.7384615384615385,256,30,"[[245, 11], [6, 24]]","[[0.95703125, 0.04296875], [0.2, 0.8]]",0.9651041666666667,0.7675670707838618,0.042960287371645874,best_f1
0.344743,0.9405594405594405,0.878515625,0.6857142857142857,0.8,0.8,0.95703125,0.7384615384615385,256,30,"[[245, 11], [6, 24]]","[[0.95703125, 0.04296875], [0.2, 0.8]]",0.9651041666666667,0.7675670707838618,0.042960287371645874,sensitivity_priority
0.5,0.9405594405594405,0.790234375,0.782608695652174,0.6,0.6,0.98046875,0.6792452830188679,256,30,"[[251, 5], [12, 18]]","[[0.98046875, 0.01953125], [0.4, 0.6]]",0.9651041666666667,0.7675670707838618,0.042960287371645874,fixed_0_5
