dataset,version,threshold,accuracy,balanced_accuracy,precision,recall,sensitivity,specificity,f1,support_negative,support_positive,confusion_matrix,normalized_confusion_matrix,roc_auc,pr_auc,brier_score,method
dataset_depression_parent,research_extended,0.3447431023282856,0.9615384615384616,0.9196614583333333,0.7878787878787878,0.8666666666666667,0.8666666666666667,0.97265625,0.8253968253968254,256,30,"[[249, 7], [4, 26]]","[[0.97265625, 0.02734375], [0.13333333333333333, 0.8666666666666667]]",0.97421875,0.8370505773507565,0.03714721840329671,youden_j
dataset_depression_parent,research_extended,0.344743,0.9615384615384616,0.9196614583333333,0.7878787878787878,0.8666666666666667,0.8666666666666667,0.97265625,0.8253968253968254,256,30,"[[249, 7], [4, 26]]","[[0.97265625, 0.02734375], [0.13333333333333333, 0.8666666666666667]]",0.97421875,0.8370505773507565,0.03714721840329671,best_f1
dataset_depression_parent,research_extended,0.344743,0.9615384615384616,0.9196614583333333,0.7878787878787878,0.8666666666666667,0.8666666666666667,0.97265625,0.8253968253968254,256,30,"[[249, 7], [4, 26]]","[[0.97265625, 0.02734375], [0.13333333333333333, 0.8666666666666667]]",0.97421875,0.8370505773507565,0.03714721840329671,sensitivity_priority
dataset_depression_parent,research_extended,0.5,0.9475524475524476,0.8088541666666667,0.8260869565217391,0.6333333333333333,0.6333333333333333,0.984375,0.7169811320754716,256,30,"[[252, 4], [11, 19]]","[[0.984375, 0.015625], [0.36666666666666664, 0.6333333333333333]]",0.97421875,0.8370505773507565,0.03714721840329671,fixed_0_5
