threshold,accuracy,balanced_accuracy,precision,recall,sensitivity,specificity,f1,support_negative,support_positive,confusion_matrix,normalized_confusion_matrix,roc_auc,pr_auc,brier_score,method
0.11635004787889662,0.8636363636363636,0.8796875,0.42857142857142855,0.9,0.9,0.859375,0.5806451612903226,256,30,"[[220, 36], [3, 27]]","[[0.859375, 0.140625], [0.1, 0.9]]",0.9255208333333333,0.5485234132013457,0.0642327812415637,youden_j
0.122427,0.8636363636363636,0.8796875,0.42857142857142855,0.9,0.9,0.859375,0.5806451612903226,256,30,"[[220, 36], [3, 27]]","[[0.859375, 0.140625], [0.1, 0.9]]",0.9255208333333333,0.5485234132013457,0.0642327812415637,sensitivity_priority
0.269557,0.8986013986013986,0.7962239583333333,0.5128205128205128,0.6666666666666666,0.6666666666666666,0.92578125,0.5797101449275363,256,30,"[[237, 19], [10, 20]]","[[0.92578125, 0.07421875], [0.3333333333333333, 0.6666666666666666]]",0.9255208333333333,0.5485234132013457,0.0642327812415637,best_f1
0.5,0.9055944055944056,0.6677083333333333,0.5789473684210527,0.36666666666666664,0.36666666666666664,0.96875,0.4489795918367347,256,30,"[[248, 8], [19, 11]]","[[0.96875, 0.03125], [0.6333333333333333, 0.36666666666666664]]",0.9255208333333333,0.5485234132013457,0.0642327812415637,fixed_0_5
