dataset,version,threshold,accuracy,balanced_accuracy,precision,recall,sensitivity,specificity,f1,support_negative,support_positive,confusion_matrix,normalized_confusion_matrix,roc_auc,pr_auc,brier_score,method
dataset_depression_parent,strict_no_leakage,0.11635004787889662,0.8776223776223776,0.8875,0.4576271186440678,0.9,0.9,0.875,0.6067415730337079,256,30,"[[224, 32], [3, 27]]","[[0.875, 0.125], [0.1, 0.9]]",0.9385416666666667,0.6182274305785066,0.05841117233021613,youden_j
dataset_depression_parent,strict_no_leakage,0.122427,0.8811188811188811,0.8747395833333333,0.4642857142857143,0.8666666666666667,0.8666666666666667,0.8828125,0.6046511627906976,256,30,"[[226, 30], [4, 26]]","[[0.8828125, 0.1171875], [0.13333333333333333, 0.8666666666666667]]",0.9385416666666667,0.6182274305785066,0.05841117233021613,sensitivity_priority
dataset_depression_parent,strict_no_leakage,0.269557,0.9125874125874126,0.81875,0.5675675675675675,0.7,0.7,0.9375,0.6268656716417911,256,30,"[[240, 16], [9, 21]]","[[0.9375, 0.0625], [0.3, 0.7]]",0.9385416666666667,0.6182274305785066,0.05841117233021613,best_f1
dataset_depression_parent,strict_no_leakage,0.5,0.9125874125874126,0.6569010416666666,0.6666666666666666,0.3333333333333333,0.3333333333333333,0.98046875,0.4444444444444444,256,30,"[[251, 5], [20, 10]]","[[0.98046875, 0.01953125], [0.6666666666666666, 0.3333333333333333]]",0.9385416666666667,0.6182274305785066,0.05841117233021613,fixed_0_5
