label,precision,recall,f1,roc_auc,pr_auc
target_domain_adhd,0.95,0.95,0.95,0.9860863095238096,0.9878163285025696
target_domain_conduct,1.0,0.9302325581395349,0.963855421686747,0.9952325581395349,0.99179157832188
target_domain_elimination,0.9936305732484076,1.0,0.9968051118210862,0.9999506903353058,0.999959170341336
target_domain_anxiety,0.9692307692307692,0.9545454545454546,0.9618320610687023,0.9991735537190083,0.9973916039857141
target_domain_depression,0.975,0.9590163934426229,0.9669421487603306,0.9974010395841664,0.9965334475289277
