{
  "model_version": "rf_conduct_v6_precision_externalizing_pruned",
  "parent_version": "rf_conduct_v1_baseline",
  "task_type": "binary",
  "status": "completed",
  "dataset_name": "dataset_conduct_clinical",
  "dataset_variant": "clinical",
  "data_scope": "strict_no_leakage",
  "split_version": "splits_strict_no_leakage_frozen_v1",
  "preprocessing_version": "rf_preproc_v1",
  "seed": 42,
  "target": "target_conduct",
  "n_features_raw": 37,
  "n_features_final": 18,
  "train_rows": 1333,
  "val_rows": 286,
  "test_rows": 286,
  "threshold_strategy": "precision_constrained",
  "threshold_value": 0.644129,
  "recall_floor": 0.7547619047619047,
  "balanced_accuracy_tolerance": 0.03,
  "calibration_strategy": "none",
  "validation_metrics": {
    "threshold": 0.644129,
    "accuracy": 0.9370629370629371,
    "balanced_accuracy": 0.8744145199063231,
    "precision": 0.7857142857142857,
    "recall": 0.7857142857142857,
    "sensitivity": 0.7857142857142857,
    "specificity": 0.9631147540983607,
    "f1": 0.7857142857142857,
    "support_negative": 244,
    "support_positive": 42,
    "confusion_matrix": [
      [
        235,
        9
      ],
      [
        9,
        33
      ]
    ],
    "normalized_confusion_matrix": [
      [
        0.9631147540983607,
        0.036885245901639344
      ],
      [
        0.21428571428571427,
        0.7857142857142857
      ]
    ],
    "roc_auc": 0.9614558938329429,
    "pr_auc": 0.8127856142601524,
    "brier_score": 0.06529722816813016,
    "fpr": 0.03688524590163933,
    "fnr": 0.2142857142857143,
    "prevalence": 0.14685314685314685,
    "precision_lift_vs_baseline": 0.18253968253968256,
    "recall_delta_vs_baseline": -0.11904761904761907,
    "balanced_accuracy_delta_vs_baseline": -0.02673692427790797
  },
  "test_metrics": {
    "threshold": 0.644129,
    "accuracy": 0.9195804195804196,
    "balanced_accuracy": 0.8444574551131928,
    "precision": 0.7209302325581395,
    "recall": 0.7380952380952381,
    "sensitivity": 0.7380952380952381,
    "specificity": 0.9508196721311475,
    "f1": 0.7294117647058823,
    "support_negative": 244,
    "support_positive": 42,
    "confusion_matrix": [
      [
        232,
        12
      ],
      [
        11,
        31
      ]
    ],
    "normalized_confusion_matrix": [
      [
        0.9508196721311475,
        0.04918032786885246
      ],
      [
        0.2619047619047619,
        0.7380952380952381
      ]
    ],
    "roc_auc": 0.9557962529274004,
    "pr_auc": 0.7636411353730889,
    "brier_score": 0.07183597884707311,
    "fpr": 0.049180327868852514,
    "fnr": 0.26190476190476186,
    "prevalence": 0.14685314685314685,
    "precision_lift_vs_baseline": NaN,
    "recall_delta_vs_baseline": -0.16666666666666663,
    "balanced_accuracy_delta_vs_baseline": -0.042349726775956276
  },
  "abstention_validation": {
    "low_threshold": 0.5,
    "high_threshold": 0.95,
    "coverage": 0.8671328671328671,
    "uncertain_rate": 0.13286713286713286,
    "precision_high": 0.875,
    "npv_low": 0.9741379310344828,
    "recall_effective": 0.3333333333333333,
    "specificity_effective": 0.9262295081967213,
    "selection_reason": "target_precision_with_coverage",
    "target_high_precision": 0.7031746031746031,
    "min_confident_coverage": 0.1
  },
  "abstention_test": {
    "coverage": 0.8356643356643356,
    "uncertain_rate": 0.16433566433566432,
    "precision_high": 0.8571428571428571,
    "npv_low": 0.9688888888888889,
    "recall_effective": 0.2857142857142857,
    "specificity_effective": 0.8934426229508197,
    "confident_positive_n": 14,
    "confident_negative_n": 225,
    "uncertain_n": 47
  },
  "notes": "Externalizing-focused pruned conduct challenger for PPV improvement.",
  "experimental": false,
  "created_at": "2026-03-25T20:27:56.280143+00:00"
}