threshold,accuracy,balanced_accuracy,precision,recall,sensitivity,specificity,f1,support_negative,support_positive,confusion_matrix,normalized_confusion_matrix,roc_auc,pr_auc,brier_score,group_name,group_value,source_column,n,status
0.656281033406496,0.8660714285714286,0.866165653981452,0.8793103448275862,0.864406779661017,0.864406779661017,0.8679245283018868,0.8717948717948718,53,59,"[[46, 7], [8, 51]]","[[0.8679245283018868, 0.1320754716981132], [0.13559322033898305, 0.864406779661017]]",0.9453149984010233,0.9570531356733212,0.09947674094486067,age_group,6-8,age_years,112,ok
0.656281033406496,0.8103448275862069,0.821443103214431,0.9047619047619048,0.7524752475247525,0.7524752475247525,0.8904109589041096,0.8216216216216217,73,101,"[[65, 8], [25, 76]]","[[0.8904109589041096, 0.1095890410958904], [0.24752475247524752, 0.7524752475247525]]",0.9087210090872102,0.9335377275409111,0.1285456009802845,age_group,9-11,age_years,174,ok
0.656281033406496,0.8585858585858586,0.8613636363636363,0.9019607843137255,0.8363636363636363,0.8363636363636363,0.8863636363636364,0.8679245283018868,44,55,"[[39, 5], [9, 46]]","[[0.8863636363636364, 0.11363636363636363], [0.16363636363636364, 0.8363636363636363]]",0.9417355371900826,0.9490725449270833,0.0892068291243413,sex_assigned_at_birth,Female,sex_assigned_at_birth,99,ok
0.656281033406496,0.8181818181818182,0.8247386759581882,0.8901098901098901,0.7714285714285715,0.7714285714285715,0.8780487804878049,0.826530612244898,82,105,"[[72, 10], [24, 81]]","[[0.8780487804878049, 0.12195121951219512], [0.22857142857142856, 0.7714285714285715]]",0.9147502903600464,0.9376504647776418,0.13196178327852465,sex_assigned_at_birth,Male,sex_assigned_at_birth,187,ok
