dataset,version,threshold,accuracy,balanced_accuracy,precision,recall,sensitivity,specificity,f1,support_negative,support_positive,confusion_matrix,normalized_confusion_matrix,roc_auc,pr_auc,brier_score,method
dataset_adhd_clinical,strict_no_leakage,0.656281033406496,0.9055944055944056,0.9089937888198758,0.9466666666666667,0.8819875776397516,0.8819875776397516,0.936,0.9131832797427653,125,161,"[[117, 8], [19, 142]]","[[0.936, 0.064], [0.11801242236024845, 0.8819875776397516]]",0.9558260869565217,0.9638852640957022,0.07995009045777661,youden_j
dataset_adhd_clinical,strict_no_leakage,0.656281,0.9055944055944056,0.9089937888198758,0.9466666666666667,0.8819875776397516,0.8819875776397516,0.936,0.9131832797427653,125,161,"[[117, 8], [19, 142]]","[[0.936, 0.064], [0.11801242236024845, 0.8819875776397516]]",0.9558260869565217,0.9638852640957022,0.07995009045777661,best_f1
dataset_adhd_clinical,strict_no_leakage,0.656281,0.9055944055944056,0.9089937888198758,0.9466666666666667,0.8819875776397516,0.8819875776397516,0.936,0.9131832797427653,125,161,"[[117, 8], [19, 142]]","[[0.936, 0.064], [0.11801242236024845, 0.8819875776397516]]",0.9558260869565217,0.9638852640957022,0.07995009045777661,sensitivity_priority
dataset_adhd_clinical,strict_no_leakage,0.5,0.8951048951048951,0.8943105590062113,0.9119496855345912,0.9006211180124224,0.9006211180124224,0.888,0.90625,125,161,"[[111, 14], [16, 145]]","[[0.888, 0.112], [0.09937888198757763, 0.9006211180124224]]",0.9558260869565217,0.9638852640957022,0.07995009045777661,fixed_0_5
