threshold,accuracy,balanced_accuracy,precision,recall,sensitivity,specificity,f1,support_negative,support_positive,confusion_matrix,normalized_confusion_matrix,roc_auc,pr_auc,brier_score,method
0.656281033406496,0.8321678321678322,0.8373511904761904,0.8943661971830986,0.79375,0.79375,0.8809523809523809,0.8410596026490066,126,160,"[[111, 15], [33, 127]]","[[0.8809523809523809, 0.11904761904761904], [0.20625, 0.79375]]",0.9226686507936508,0.941325747617704,0.11716199145592271,youden_j
0.656281,0.8321678321678322,0.8373511904761904,0.8943661971830986,0.79375,0.79375,0.8809523809523809,0.8410596026490066,126,160,"[[111, 15], [33, 127]]","[[0.8809523809523809, 0.11904761904761904], [0.20625, 0.79375]]",0.9226686507936508,0.941325747617704,0.11716199145592271,best_f1
0.656281,0.8321678321678322,0.8373511904761904,0.8943661971830986,0.79375,0.79375,0.8809523809523809,0.8410596026490066,126,160,"[[111, 15], [33, 127]]","[[0.8809523809523809, 0.11904761904761904], [0.20625, 0.79375]]",0.9226686507936508,0.941325747617704,0.11716199145592271,sensitivity_priority
0.5,0.8321678321678322,0.8322916666666667,0.8636363636363636,0.83125,0.83125,0.8333333333333334,0.8471337579617835,126,160,"[[105, 21], [27, 133]]","[[0.8333333333333334, 0.16666666666666666], [0.16875, 0.83125]]",0.9226686507936508,0.941325747617704,0.11716199145592271,fixed_0_5
