feature,importance
num__cbcl_internalizing_proxy,0.08677803483360688
num__sdq_total_difficulties,0.08468379559177082
num__sdq_hyperactivity_inattention,0.051427473522174603
num__cbcl_114,0.04622034281829439
num__cbcl_084,0.03596213199911794
num__cbcl_035,0.034640567206794315
num__cbcl_039,0.0292023895437844
num__cbcl_001,0.029050949481343114
num__cbcl_094,0.027732368044229752
num__cbcl_006,0.027174291092628717
num__cbcl_092,0.026949329667582043
num__cbcl_116,0.02669131545609542
num__cbcl_082,0.025370818805544988
num__cbcl_043,0.025264363294915403
num__sdq_16,0.024755218396480743
num__cbcl_048,0.024562114631345854
num__sdq_18,0.024443274609135014
num__sdq_05,0.02392523128381232
num__cbcl_109,0.02385586460628671
num__cbcl_010,0.02374469798419944
num__cbcl_023,0.022945630667345358
num__cbcl_118,0.022889328048751302
num__sdq_02,0.022847510719072935
num__cbcl_070,0.022570276504521265
num__cbcl_076,0.02145480665475033
num__cbcl_029,0.021279465988702694
num__sdq_08,0.02123442047106738
num__cbcl_086,0.020038709939072717
num__cbcl_090,0.019034544308315138
num__cbcl_066,0.018953158129530107
num__cbcl_033,0.017876229384317606
num__cbcl_027,0.017704887997474637
num__cbcl_011,0.016488817627284883
num__cbcl_020,0.016278117045142572
num__cbcl_064,0.015969523645508212
num__has_cbcl,0.0
