threshold,accuracy,balanced_accuracy,precision,recall,sensitivity,specificity,f1,support_negative,support_positive,confusion_matrix,normalized_confusion_matrix,roc_auc,pr_auc,brier_score,method
0.377854969097109,0.9055944055944056,0.8461163153786104,0.6530612244897959,0.7619047619047619,0.7619047619047619,0.930327868852459,0.7032967032967034,244,42,"[[227, 17], [10, 32]]","[[0.930327868852459, 0.06967213114754098], [0.23809523809523808, 0.7619047619047619]]",0.9523809523809524,0.7570978073788261,0.06142370049494512,youden_j
0.345068,0.8986013986013986,0.8420179547228728,0.6274509803921569,0.7619047619047619,0.7619047619047619,0.9221311475409836,0.6881720430107527,244,42,"[[225, 19], [10, 32]]","[[0.9221311475409836, 0.0778688524590164], [0.23809523809523808, 0.7619047619047619]]",0.9523809523809524,0.7570978073788261,0.06142370049494512,sensitivity_priority
0.396085,0.8951048951048951,0.8104020296643247,0.6304347826086957,0.6904761904761905,0.6904761904761905,0.930327868852459,0.6590909090909091,244,42,"[[227, 17], [13, 29]]","[[0.930327868852459, 0.06967213114754098], [0.30952380952380953, 0.6904761904761905]]",0.9523809523809524,0.7570978073788261,0.06142370049494512,best_f1
0.5,0.9055944055944056,0.7869828259172522,0.7027027027027027,0.6190476190476191,0.6190476190476191,0.9549180327868853,0.6582278481012658,244,42,"[[233, 11], [16, 26]]","[[0.9549180327868853, 0.045081967213114756], [0.38095238095238093, 0.6190476190476191]]",0.9523809523809524,0.7570978073788261,0.06142370049494512,fixed_0_5
