dataset,version,threshold,accuracy,balanced_accuracy,precision,recall,sensitivity,specificity,f1,support_negative,support_positive,confusion_matrix,normalized_confusion_matrix,roc_auc,pr_auc,brier_score,method
dataset_conduct_items,strict_no_leakage,0.377854969097109,0.9300699300699301,0.8998829039812646,0.72,0.8571428571428571,0.8571428571428571,0.9426229508196722,0.782608695652174,244,42,"[[230, 14], [6, 36]]","[[0.9426229508196722, 0.05737704918032787], [0.14285714285714285, 0.8571428571428571]]",0.960967993754879,0.836312836038801,0.052119873182650746,youden_j
dataset_conduct_items,strict_no_leakage,0.345068,0.9265734265734266,0.8978337236533958,0.7058823529411765,0.8571428571428571,0.8571428571428571,0.9385245901639344,0.7741935483870968,244,42,"[[229, 15], [6, 36]]","[[0.9385245901639344, 0.06147540983606557], [0.14285714285714285, 0.8571428571428571]]",0.960967993754879,0.836312836038801,0.052119873182650746,sensitivity_priority
dataset_conduct_items,strict_no_leakage,0.396085,0.9335664335664335,0.8920765027322404,0.7446808510638298,0.8333333333333334,0.8333333333333334,0.9508196721311475,0.7865168539325843,244,42,"[[232, 12], [7, 35]]","[[0.9508196721311475, 0.04918032786885246], [0.16666666666666666, 0.8333333333333334]]",0.960967993754879,0.836312836038801,0.052119873182650746,best_f1
dataset_conduct_items,strict_no_leakage,0.5,0.9335664335664335,0.8625097580015613,0.7804878048780488,0.7619047619047619,0.7619047619047619,0.9631147540983607,0.7710843373493976,244,42,"[[235, 9], [10, 32]]","[[0.9631147540983607, 0.036885245901639344], [0.23809523809523808, 0.7619047619047619]]",0.960967993754879,0.836312836038801,0.052119873182650746,fixed_0_5
