threshold,accuracy,balanced_accuracy,precision,recall,sensitivity,specificity,f1,support_negative,support_positive,confusion_matrix,normalized_confusion_matrix,roc_auc,pr_auc,brier_score,group_name,group_value,source_column,n,status
0.5,0.9196428571428571,0.9179724976015351,0.9032258064516129,0.9491525423728814,0.9491525423728814,0.8867924528301887,0.9256198347107438,53.0,59.0,"[[47, 6], [3, 56]]","[[0.8867924528301887, 0.11320754716981132], [0.05084745762711865, 0.9491525423728814]]",0.9728173968660059,0.9768477683864079,0.06634358438042282,age_group,6-8,age_years,112,ok
0.5,0.8850574712643678,0.8895971788959718,0.9354838709677419,0.8613861386138614,0.8613861386138614,0.9178082191780822,0.8969072164948454,73.0,101.0,"[[67, 6], [14, 87]]","[[0.9178082191780822, 0.0821917808219178], [0.13861386138613863, 0.8613861386138614]]",0.9564627695646276,0.9678293248758556,0.08500397880535317,age_group,9-11,age_years,174,ok
0.5,0.9090909090909091,0.9022727272727273,0.8833333333333333,0.9636363636363636,0.9636363636363636,0.8409090909090909,0.9217391304347826,44.0,55.0,"[[37, 7], [2, 53]]","[[0.8409090909090909, 0.1590909090909091], [0.03636363636363636, 0.9636363636363636]]",0.9714876033057851,0.9742644288511568,0.06716028939726655,sex_assigned_at_birth,Female,sex_assigned_at_birth,99,ok
0.5,0.893048128342246,0.8980836236933798,0.9473684210526315,0.8571428571428571,0.8571428571428571,0.9390243902439024,0.9,82.0,105.0,"[[77, 5], [15, 90]]","[[0.9390243902439024, 0.06097560975609756], [0.14285714285714285, 0.8571428571428571]]",0.9646922183507549,0.9734153290018761,0.08327435888988992,sex_assigned_at_birth,Male,sex_assigned_at_birth,187,ok
,,,,,,,,,,,,,,,comorbidity_group,0,comorbidity_count_5targets,87,insufficient_support
0.5,0.8533333333333334,0.8235432330827068,0.9166666666666666,0.8839285714285714,0.8839285714285714,0.7631578947368421,0.9,38.0,112.0,"[[29, 9], [13, 99]]","[[0.7631578947368421, 0.23684210526315788], [0.11607142857142858, 0.8839285714285714]]",0.8977913533834586,0.9612328348178389,0.11881331618347175,comorbidity_group,1-2,comorbidity_count_5targets,150,ok
0.5,0.9183673469387755,0.9583333333333333,1.0,0.9166666666666666,0.9166666666666666,1.0,0.9565217391304348,1.0,48.0,"[[1, 0], [4, 44]]","[[1.0, 0.0], [0.08333333333333333, 0.9166666666666666]]",0.9375,0.9986975397428475,0.051630856085279925,comorbidity_group,3+,comorbidity_count_5targets,49,ok
