threshold,accuracy,balanced_accuracy,precision,recall,sensitivity,specificity,f1,support_negative,support_positive,confusion_matrix,normalized_confusion_matrix,roc_auc,pr_auc,brier_score,method
0.5,0.8986013986013986,0.8992559523809525,0.9225806451612903,0.89375,0.89375,0.9047619047619048,0.9079365079365079,126,160,"[[114, 12], [17, 143]]","[[0.9047619047619048, 0.09523809523809523], [0.10625, 0.89375]]",0.9628968253968254,0.9704705101566776,0.077696411757828,fixed_0_5
0.496671,0.8986013986013986,0.8992559523809525,0.9225806451612903,0.89375,0.89375,0.9047619047619048,0.9079365079365079,126,160,"[[114, 12], [17, 143]]","[[0.9047619047619048, 0.09523809523809523], [0.10625, 0.89375]]",0.9628968253968254,0.9704705101566776,0.077696411757828,best_f1
0.496671,0.8986013986013986,0.8992559523809525,0.9225806451612903,0.89375,0.89375,0.9047619047619048,0.9079365079365079,126,160,"[[114, 12], [17, 143]]","[[0.9047619047619048, 0.09523809523809523], [0.10625, 0.89375]]",0.9628968253968254,0.9704705101566776,0.077696411757828,sensitivity_priority
0.5180861001992537,0.8951048951048951,0.8961309523809524,0.922077922077922,0.8875,0.8875,0.9047619047619048,0.9044585987261147,126,160,"[[114, 12], [18, 142]]","[[0.9047619047619048, 0.09523809523809523], [0.1125, 0.8875]]",0.9628968253968254,0.9704705101566776,0.077696411757828,youden_j
