dataset,version,threshold,accuracy,balanced_accuracy,precision,recall,sensitivity,specificity,f1,support_negative,support_positive,confusion_matrix,normalized_confusion_matrix,roc_auc,pr_auc,brier_score,method
dataset_adhd_minimal,research_extended,0.5,0.9405594405594405,0.9418385093167702,0.9615384615384616,0.9316770186335404,0.9316770186335404,0.952,0.9463722397476341,125,161,"[[119, 6], [11, 150]]","[[0.952, 0.048], [0.06832298136645963, 0.9316770186335404]]",0.9732173913043478,0.9750531211118241,0.05513792455857342,fixed_0_5
dataset_adhd_minimal,research_extended,0.5180861001992537,0.9405594405594405,0.9418385093167702,0.9615384615384616,0.9316770186335404,0.9316770186335404,0.952,0.9463722397476341,125,161,"[[119, 6], [11, 150]]","[[0.952, 0.048], [0.06832298136645963, 0.9316770186335404]]",0.9732173913043478,0.9750531211118241,0.05513792455857342,youden_j
dataset_adhd_minimal,research_extended,0.496671,0.9405594405594405,0.9418385093167702,0.9615384615384616,0.9316770186335404,0.9316770186335404,0.952,0.9463722397476341,125,161,"[[119, 6], [11, 150]]","[[0.952, 0.048], [0.06832298136645963, 0.9316770186335404]]",0.9732173913043478,0.9750531211118241,0.05513792455857342,best_f1
dataset_adhd_minimal,research_extended,0.496671,0.9405594405594405,0.9418385093167702,0.9615384615384616,0.9316770186335404,0.9316770186335404,0.952,0.9463722397476341,125,161,"[[119, 6], [11, 150]]","[[0.952, 0.048], [0.06832298136645963, 0.9316770186335404]]",0.9732173913043478,0.9750531211118241,0.05513792455857342,sensitivity_priority
