{
  "model_version": "rf_elimination_v6_precision_proxy_pruned",
  "parent_version": "rf_elimination_v1_baseline",
  "task_type": "binary",
  "status": "completed",
  "dataset_name": "dataset_elimination_items",
  "dataset_variant": "items",
  "data_scope": "strict_no_leakage",
  "split_version": "splits_strict_no_leakage_frozen_v1",
  "preprocessing_version": "rf_preproc_v1",
  "seed": 42,
  "target": "target_elimination",
  "n_features_raw": 162,
  "n_features_final": 36,
  "train_rows": 1333,
  "val_rows": 286,
  "test_rows": 286,
  "threshold_strategy": "precision_constrained",
  "threshold_value": 0.10541942958538093,
  "recall_floor": 0.5,
  "balanced_accuracy_tolerance": 0.05,
  "calibration_strategy": "sigmoid",
  "validation_metrics": {
    "threshold": 0.10541942958538093,
    "accuracy": 0.5734265734265734,
    "balanced_accuracy": 0.6052754435107377,
    "precision": 0.16666666666666666,
    "recall": 0.6470588235294118,
    "sensitivity": 0.6470588235294118,
    "specificity": 0.5634920634920635,
    "f1": 0.26506024096385544,
    "support_negative": 252,
    "support_positive": 34,
    "confusion_matrix": [
      [
        142,
        110
      ],
      [
        12,
        22
      ]
    ],
    "normalized_confusion_matrix": [
      [
        0.5634920634920635,
        0.4365079365079365
      ],
      [
        0.35294117647058826,
        0.6470588235294118
      ]
    ],
    "roc_auc": 0.6038748832866481,
    "pr_auc": 0.23203521195713936,
    "brier_score": 0.10220577351974094,
    "fpr": 0.4365079365079365,
    "fnr": 0.3529411764705882,
    "prevalence": 0.11888111888111888,
    "precision_lift_vs_baseline": -0.02631578947368421,
    "recall_delta_vs_baseline": 0.0,
    "balanced_accuracy_delta_vs_baseline": -0.03571428571428559
  },
  "test_metrics": {
    "threshold": 0.10541942958538093,
    "accuracy": 0.548951048951049,
    "balanced_accuracy": 0.6168300653594772,
    "precision": 0.16783216783216784,
    "recall": 0.7058823529411765,
    "sensitivity": 0.7058823529411765,
    "specificity": 0.5277777777777778,
    "f1": 0.2711864406779661,
    "support_negative": 252,
    "support_positive": 34,
    "confusion_matrix": [
      [
        133,
        119
      ],
      [
        10,
        24
      ]
    ],
    "normalized_confusion_matrix": [
      [
        0.5277777777777778,
        0.4722222222222222
      ],
      [
        0.29411764705882354,
        0.7058823529411765
      ]
    ],
    "roc_auc": 0.6511437908496731,
    "pr_auc": 0.20519762800796804,
    "brier_score": 0.10288272209866402,
    "fpr": 0.4722222222222222,
    "fnr": 0.2941176470588235,
    "prevalence": 0.11888111888111888,
    "precision_lift_vs_baseline": NaN,
    "recall_delta_vs_baseline": -0.05882352941176461,
    "balanced_accuracy_delta_vs_baseline": -0.08298319327731085
  },
  "abstention_validation": {
    "low_threshold": 0.10541942958538093,
    "high_threshold": 0.5,
    "coverage": 0.541958041958042,
    "uncertain_rate": 0.458041958041958,
    "precision_high": NaN,
    "npv_low": 0.9161290322580645,
    "recall_effective": 0.0,
    "specificity_effective": 0.5634920634920635,
    "selection_reason": "fallback_max_precision",
    "target_high_precision": 0.7,
    "min_confident_coverage": 0.1
  },
  "abstention_test": {
    "coverage": 0.5,
    "uncertain_rate": 0.5,
    "precision_high": NaN,
    "npv_low": 0.9300699300699301,
    "recall_effective": 0.0,
    "specificity_effective": 0.5277777777777778,
    "confident_positive_n": 0,
    "confident_negative_n": 143,
    "uncertain_n": 143
  },
  "notes": "Elimination proxy-pruned precision challenger.",
  "experimental": false,
  "created_at": "2026-03-25T20:28:37.384804+00:00"
}