threshold,accuracy,balanced_accuracy,precision,recall,specificity,f1,roc_auc,pr_auc,brier_score,tn,fp,fn,tp,support_negative,support_positive,false_positive_rate,false_negative_rate
0.6,0.9545454545454546,0.9477498093058734,0.9722222222222222,0.9130434782608695,0.9824561403508771,0.9417040358744395,0.9957284515636918,0.9935191496386303,0.028386869399548743,168,3,10,105,171,115,0.017543859649122806,0.08695652173913043
