dataset,version,threshold,accuracy,balanced_accuracy,precision,recall,sensitivity,specificity,f1,support_negative,support_positive,confusion_matrix,normalized_confusion_matrix,roc_auc,pr_auc,brier_score,method
dataset_anxiety_items,strict_no_leakage,0.6642207436353612,0.8846153846153846,0.8751552795031057,0.9259259259259259,0.8,0.8,0.9503105590062112,0.8583690987124464,161,125,"[[153, 8], [25, 100]]","[[0.9503105590062112, 0.049689440993788817], [0.2, 0.8]]",0.9415155279503105,0.9326758426849782,0.09431993433992591,youden_j
dataset_anxiety_items,strict_no_leakage,0.637785,0.8811188811188811,0.872944099378882,0.9099099099099099,0.808,0.808,0.937888198757764,0.8559322033898306,161,125,"[[151, 10], [24, 101]]","[[0.937888198757764, 0.062111801242236024], [0.192, 0.808]]",0.9415155279503105,0.9326758426849782,0.09431993433992591,best_f1
dataset_anxiety_items,strict_no_leakage,0.5,0.8706293706293706,0.8672049689440994,0.860655737704918,0.84,0.84,0.8944099378881988,0.8502024291497976,161,125,"[[144, 17], [20, 105]]","[[0.8944099378881988, 0.10559006211180125], [0.16, 0.84]]",0.9415155279503105,0.9326758426849782,0.09431993433992591,fixed_0_5
dataset_anxiety_items,strict_no_leakage,0.40107,0.8671328671328671,0.865888198757764,0.84251968503937,0.856,0.856,0.8757763975155279,0.8492063492063492,161,125,"[[141, 20], [18, 107]]","[[0.8757763975155279, 0.12422360248447205], [0.144, 0.856]]",0.9415155279503105,0.9326758426849782,0.09431993433992591,sensitivity_priority
