threshold,accuracy,balanced_accuracy,precision,recall,sensitivity,specificity,f1,support_negative,support_positive,confusion_matrix,normalized_confusion_matrix,roc_auc,pr_auc,brier_score,method
0.40107,0.8601398601398601,0.8606646825396825,0.8257575757575758,0.8650793650793651,0.8650793650793651,0.85625,0.8449612403100775,160,126,"[[137, 23], [17, 109]]","[[0.85625, 0.14375], [0.1349206349206349, 0.8650793650793651]]",0.9434523809523809,0.9313916249030275,0.09881586580021061,sensitivity_priority
0.5,0.8531468531468531,0.8501984126984127,0.8387096774193549,0.8253968253968254,0.8253968253968254,0.875,0.832,160,126,"[[140, 20], [22, 104]]","[[0.875, 0.125], [0.1746031746031746, 0.8253968253968254]]",0.9434523809523809,0.9313916249030275,0.09881586580021061,fixed_0_5
0.6642207436353612,0.8601398601398601,0.8497023809523809,0.9056603773584906,0.7619047619047619,0.7619047619047619,0.9375,0.8275862068965517,160,126,"[[150, 10], [30, 96]]","[[0.9375, 0.0625], [0.23809523809523808, 0.7619047619047619]]",0.9434523809523809,0.9313916249030275,0.09881586580021061,youden_j
0.637785,0.8531468531468531,0.843452380952381,0.8888888888888888,0.7619047619047619,0.7619047619047619,0.925,0.8205128205128205,160,126,"[[148, 12], [30, 96]]","[[0.925, 0.075], [0.23809523809523808, 0.7619047619047619]]",0.9434523809523809,0.9313916249030275,0.09881586580021061,best_f1
