{
  "domain": "adhd",
  "base_model_id": "domain_adhd_research_full",
  "candidate_id": "adhd_anti_overfit_v1_c3",
  "params": {
    "n_estimators": 180,
    "max_depth": 6,
    "min_samples_split": 20,
    "min_samples_leaf": 8,
    "max_features": 0.5,
    "class_weight": "balanced_subsample"
  },
  "threshold_recommended": 0.05,
  "metrics_val": {
    "accuracy": 0.9895104895104895,
    "balanced_accuracy": 0.9906832298136645,
    "precision": 1.0,
    "recall": 0.9813664596273292,
    "specificity": 1.0,
    "f1": 0.9905956112852664,
    "roc_auc": 0.9995031055900621,
    "pr_auc": 0.9996226041873904,
    "brier_score": 0.010256825720791228,
    "tn": 125,
    "fp": 0,
    "fn": 3,
    "tp": 158
  },
  "metrics_test": {
    "accuracy": 1.0,
    "balanced_accuracy": 1.0,
    "precision": 1.0,
    "recall": 1.0,
    "specificity": 1.0,
    "f1": 1.0,
    "roc_auc": 1.0,
    "pr_auc": 1.0,
    "brier_score": 2.7458530382293583e-06,
    "tn": 125,
    "fp": 0,
    "fn": 0,
    "tp": 161
  },
  "created_at_utc": "2026-03-28T02:13:00.216775+00:00"
}