{
  "model_version": "rf_elimination_v7_precision_experimental_research",
  "parent_version": "rf_elimination_v1_baseline",
  "task_type": "binary",
  "status": "completed",
  "dataset_name": "dataset_elimination_core",
  "dataset_variant": "core",
  "data_scope": "research_extended",
  "split_version": "splits_research_extended_frozen_v1",
  "preprocessing_version": "rf_preproc_v1",
  "seed": 42,
  "target": "target_elimination",
  "n_features_raw": 18,
  "n_features_final": 23,
  "train_rows": 1333,
  "val_rows": 286,
  "test_rows": 286,
  "threshold_strategy": "precision_constrained",
  "threshold_value": 0.213723,
  "recall_floor": 0.5,
  "balanced_accuracy_tolerance": 0.05,
  "calibration_strategy": "sigmoid",
  "validation_metrics": {
    "threshold": 0.213723,
    "accuracy": 0.8566433566433567,
    "balanced_accuracy": 0.7659897292250233,
    "precision": 0.43137254901960786,
    "recall": 0.6470588235294118,
    "sensitivity": 0.6470588235294118,
    "specificity": 0.8849206349206349,
    "f1": 0.5176470588235295,
    "support_negative": 252,
    "support_positive": 34,
    "confusion_matrix": [
      [
        223,
        29
      ],
      [
        12,
        22
      ]
    ],
    "normalized_confusion_matrix": [
      [
        0.8849206349206349,
        0.11507936507936507
      ],
      [
        0.35294117647058826,
        0.6470588235294118
      ]
    ],
    "roc_auc": 0.865079365079365,
    "pr_auc": 0.4389005003496181,
    "brier_score": 0.0830326717418833,
    "fpr": 0.11507936507936511,
    "fnr": 0.3529411764705882,
    "prevalence": 0.11888111888111888,
    "precision_lift_vs_baseline": 0.238390092879257,
    "recall_delta_vs_baseline": 0.0,
    "balanced_accuracy_delta_vs_baseline": 0.125
  },
  "test_metrics": {
    "threshold": 0.213723,
    "accuracy": 0.8951048951048951,
    "balanced_accuracy": 0.775093370681606,
    "precision": 0.5526315789473685,
    "recall": 0.6176470588235294,
    "sensitivity": 0.6176470588235294,
    "specificity": 0.9325396825396826,
    "f1": 0.5833333333333334,
    "support_negative": 252,
    "support_positive": 34,
    "confusion_matrix": [
      [
        235,
        17
      ],
      [
        13,
        21
      ]
    ],
    "normalized_confusion_matrix": [
      [
        0.9325396825396826,
        0.06746031746031746
      ],
      [
        0.38235294117647056,
        0.6176470588235294
      ]
    ],
    "roc_auc": 0.8808356676003735,
    "pr_auc": 0.4930618135880706,
    "brier_score": 0.08109831994774817,
    "fpr": 0.06746031746031744,
    "fnr": 0.38235294117647056,
    "prevalence": 0.11888111888111888,
    "precision_lift_vs_baseline": NaN,
    "recall_delta_vs_baseline": -0.1470588235294117,
    "balanced_accuracy_delta_vs_baseline": 0.07528011204481799
  },
  "abstention_validation": {
    "low_threshold": 0.213723,
    "high_threshold": 0.7131578947368421,
    "coverage": 0.8251748251748252,
    "uncertain_rate": 0.17482517482517482,
    "precision_high": 1.0,
    "npv_low": 0.948936170212766,
    "recall_effective": 0.029411764705882353,
    "specificity_effective": 0.8849206349206349,
    "selection_reason": "target_precision_with_coverage",
    "target_high_precision": 0.7,
    "min_confident_coverage": 0.1
  },
  "abstention_test": {
    "coverage": 0.8706293706293706,
    "uncertain_rate": 0.12937062937062938,
    "precision_high": 1.0,
    "npv_low": 0.9475806451612904,
    "recall_effective": 0.029411764705882353,
    "specificity_effective": 0.9325396825396826,
    "confident_positive_n": 1,
    "confident_negative_n": 248,
    "uncertain_n": 37
  },
  "notes": "Research scope precision challenger (non-promotable by policy).",
  "experimental": true,
  "created_at": "2026-03-25T20:28:58.290819+00:00"
}