threshold,accuracy,balanced_accuracy,precision,recall,sensitivity,specificity,f1,support_negative,support_positive,confusion_matrix,normalized_confusion_matrix,roc_auc,pr_auc,brier_score,method
0.233807,0.8636363636363636,0.8722222222222222,0.7880794701986755,0.9444444444444444,0.9444444444444444,0.8,0.8592057761732852,160,126,"[[128, 32], [7, 119]]","[[0.8, 0.2], [0.05555555555555555, 0.9444444444444444]]",0.9518849206349206,0.9417121233515193,0.09278983839227255,best_f1
0.23474315885704825,0.8601398601398601,0.8682539682539683,0.7866666666666666,0.9365079365079365,0.9365079365079365,0.8,0.855072463768116,160,126,"[[128, 32], [8, 118]]","[[0.8, 0.2], [0.06349206349206349, 0.9365079365079365]]",0.9518849206349206,0.9417121233515193,0.09278983839227255,youden_j
0.419505,0.8671328671328671,0.8669146825396825,0.8384615384615385,0.8650793650793651,0.8650793650793651,0.86875,0.8515625,160,126,"[[139, 21], [17, 109]]","[[0.86875, 0.13125], [0.1349206349206349, 0.8650793650793651]]",0.9518849206349206,0.9417121233515193,0.09278983839227255,sensitivity_priority
0.5,0.8671328671328671,0.8643849206349206,0.8548387096774194,0.8412698412698413,0.8412698412698413,0.8875,0.848,160,126,"[[142, 18], [20, 106]]","[[0.8875, 0.1125], [0.15873015873015872, 0.8412698412698413]]",0.9518849206349206,0.9417121233515193,0.09278983839227255,fixed_0_5
