dataset,version,threshold,accuracy,balanced_accuracy,precision,recall,sensitivity,specificity,f1,support_negative,support_positive,confusion_matrix,normalized_confusion_matrix,roc_auc,pr_auc,brier_score,method
dataset_anxiety_items,research_extended,0.23474315885704825,0.8776223776223776,0.8850434782608696,0.8082191780821918,0.944,0.944,0.8260869565217391,0.8708487084870848,161,125,"[[133, 28], [7, 118]]","[[0.8260869565217391, 0.17391304347826086], [0.056, 0.944]]",0.9490683229813665,0.9411363124274656,0.08868739603889086,youden_j
dataset_anxiety_items,research_extended,0.233807,0.8776223776223776,0.8850434782608696,0.8082191780821918,0.944,0.944,0.8260869565217391,0.8708487084870848,161,125,"[[133, 28], [7, 118]]","[[0.8260869565217391, 0.17391304347826086], [0.056, 0.944]]",0.9490683229813665,0.9411363124274656,0.08868739603889086,best_f1
dataset_anxiety_items,research_extended,0.419505,0.8741258741258742,0.8729937888198758,0.8503937007874016,0.864,0.864,0.8819875776397516,0.8571428571428571,161,125,"[[142, 19], [17, 108]]","[[0.8819875776397516, 0.11801242236024845], [0.136, 0.864]]",0.9490683229813665,0.9411363124274656,0.08868739603889086,sensitivity_priority
dataset_anxiety_items,research_extended,0.5,0.8706293706293706,0.8680993788819875,0.8548387096774194,0.848,0.848,0.8881987577639752,0.8514056224899599,161,125,"[[143, 18], [19, 106]]","[[0.8881987577639752, 0.11180124223602485], [0.152, 0.848]]",0.9490683229813665,0.9411363124274656,0.08868739603889086,fixed_0_5
