threshold,accuracy,balanced_accuracy,precision,recall,sensitivity,specificity,f1,support_negative,support_positive,confusion_matrix,normalized_confusion_matrix,roc_auc,pr_auc,brier_score,method
0.23967359291821733,0.9090909090909091,0.9136904761904762,0.8571428571428571,0.9523809523809523,0.9523809523809523,0.875,0.9022556390977443,160,126,"[[140, 20], [6, 120]]","[[0.875, 0.125], [0.047619047619047616, 0.9523809523809523]]",0.9674603174603175,0.9579748267409935,0.0771749597608382,youden_j
0.256157,0.9055944055944056,0.9097222222222222,0.8561151079136691,0.9444444444444444,0.9444444444444444,0.875,0.8981132075471698,160,126,"[[140, 20], [7, 119]]","[[0.875, 0.125], [0.05555555555555555, 0.9444444444444444]]",0.9674603174603175,0.9579748267409935,0.0771749597608382,best_f1
0.5,0.8916083916083916,0.8904761904761904,0.8740157480314961,0.8809523809523809,0.8809523809523809,0.9,0.8774703557312253,160,126,"[[144, 16], [15, 111]]","[[0.9, 0.1], [0.11904761904761904, 0.8809523809523809]]",0.9674603174603175,0.9579748267409935,0.0771749597608382,fixed_0_5
0.613132,0.8811188811188811,0.8777281746031746,0.8770491803278688,0.8492063492063492,0.8492063492063492,0.90625,0.8629032258064516,160,126,"[[145, 15], [19, 107]]","[[0.90625, 0.09375], [0.15079365079365079, 0.8492063492063492]]",0.9674603174603175,0.9579748267409935,0.0771749597608382,sensitivity_priority
