dataset,version,threshold,accuracy,balanced_accuracy,precision,recall,sensitivity,specificity,f1,support_negative,support_positive,confusion_matrix,normalized_confusion_matrix,roc_auc,pr_auc,brier_score,method
dataset_anxiety_parent,research_extended,0.23967359291821733,0.9020979020979021,0.9076770186335403,0.8439716312056738,0.952,0.952,0.8633540372670807,0.8947368421052632,161,125,"[[139, 22], [6, 119]]","[[0.8633540372670807, 0.13664596273291926], [0.048, 0.952]]",0.9613416149068325,0.9517170998603497,0.08144562763471953,youden_j
dataset_anxiety_parent,research_extended,0.256157,0.9020979020979021,0.905888198757764,0.8540145985401459,0.936,0.936,0.8757763975155279,0.8931297709923665,161,125,"[[141, 20], [8, 117]]","[[0.8757763975155279, 0.12422360248447205], [0.064, 0.936]]",0.9613416149068325,0.9517170998603497,0.08144562763471953,best_f1
dataset_anxiety_parent,research_extended,0.613132,0.8916083916083916,0.8876273291925465,0.8916666666666667,0.856,0.856,0.9192546583850931,0.8734693877551021,161,125,"[[148, 13], [18, 107]]","[[0.9192546583850931, 0.08074534161490683], [0.144, 0.856]]",0.9613416149068325,0.9517170998603497,0.08144562763471953,sensitivity_priority
dataset_anxiety_parent,research_extended,0.5,0.8881118881118881,0.885416149068323,0.8780487804878049,0.864,0.864,0.906832298136646,0.8709677419354839,161,125,"[[146, 15], [17, 108]]","[[0.906832298136646, 0.09316770186335403], [0.136, 0.864]]",0.9613416149068325,0.9517170998603497,0.08144562763471953,fixed_0_5
