dataset,version,threshold,accuracy,balanced_accuracy,precision,recall,sensitivity,specificity,f1,support_negative,support_positive,confusion_matrix,normalized_confusion_matrix,roc_auc,pr_auc,brier_score,method
dataset_adhd_clinical,research_extended,0.3918072550031771,0.9370629370629371,0.9360496894409938,0.9440993788819876,0.9440993788819876,0.9440993788819876,0.928,0.9440993788819876,125,161,"[[116, 9], [9, 152]]","[[0.928, 0.072], [0.055900621118012424, 0.9440993788819876]]",0.9716273291925466,0.9736022580702739,0.05850729876996087,youden_j
dataset_adhd_clinical,research_extended,0.278091,0.9370629370629371,0.9342608695652175,0.9333333333333333,0.9565217391304348,0.9565217391304348,0.912,0.9447852760736196,125,161,"[[114, 11], [7, 154]]","[[0.912, 0.088], [0.043478260869565216, 0.9565217391304348]]",0.9716273291925466,0.9736022580702739,0.05850729876996087,best_f1
dataset_adhd_clinical,research_extended,0.707473,0.9265734265734266,0.929416149068323,0.9605263157894737,0.906832298136646,0.906832298136646,0.952,0.9329073482428115,125,161,"[[119, 6], [15, 146]]","[[0.952, 0.048], [0.09316770186335403, 0.906832298136646]]",0.9716273291925466,0.9736022580702739,0.05850729876996087,sensitivity_priority
dataset_adhd_clinical,research_extended,0.5,0.9230769230769231,0.9236273291925465,0.9426751592356688,0.9192546583850931,0.9192546583850931,0.928,0.9308176100628931,125,161,"[[116, 9], [13, 148]]","[[0.928, 0.072], [0.08074534161490683, 0.9192546583850931]]",0.9716273291925466,0.9736022580702739,0.05850729876996087,fixed_0_5
