threshold,accuracy,balanced_accuracy,precision,recall,sensitivity,specificity,f1,support_negative,support_positive,confusion_matrix,normalized_confusion_matrix,roc_auc,pr_auc,brier_score,method
0.5,0.8881118881118881,0.8881944444444444,0.9102564102564102,0.8875,0.8875,0.8888888888888888,0.8987341772151899,126,160,"[[112, 14], [18, 142]]","[[0.8888888888888888, 0.1111111111111111], [0.1125, 0.8875]]",0.9582837301587301,0.9670412458959052,0.08442745724597339,fixed_0_5
0.3918072550031771,0.8846153846153846,0.8800099206349206,0.8802395209580839,0.91875,0.91875,0.8412698412698413,0.8990825688073395,126,160,"[[106, 20], [13, 147]]","[[0.8412698412698413, 0.15873015873015872], [0.08125, 0.91875]]",0.9582837301587301,0.9670412458959052,0.08442745724597339,youden_j
0.278091,0.8846153846153846,0.8774801587301587,0.8670520231213873,0.9375,0.9375,0.8174603174603174,0.9009009009009009,126,160,"[[103, 23], [10, 150]]","[[0.8174603174603174, 0.18253968253968253], [0.0625, 0.9375]]",0.9582837301587301,0.9670412458959052,0.08442745724597339,best_f1
0.707473,0.8671328671328671,0.8719742063492064,0.9236111111111112,0.83125,0.83125,0.9126984126984127,0.875,126,160,"[[115, 11], [27, 133]]","[[0.9126984126984127, 0.0873015873015873], [0.16875, 0.83125]]",0.9582837301587301,0.9670412458959052,0.08442745724597339,sensitivity_priority
