mode,family,best_feature_set,precision,recall,specificity,balanced_accuracy,f1,roc_auc,pr_auc,brier,objective
caregiver,lightgbm,r3_hybrid_clean_best_effort,0.8689655172413793,0.782608695652174,0.848,0.815304347826087,0.8235294117647058,0.8640248447204969,0.9029856370621665,0.1440315648862482,0.8409327214518824
caregiver,rf,r3_hybrid_clean_best_effort,0.8607594936708861,0.84472049689441,0.824,0.834360248447205,0.8526645768025078,0.8811925465838509,0.9115229294695697,0.13267820024478835,0.8620787040190103
caregiver,xgboost,r3_hybrid_clean_best_effort,0.8506493506493507,0.8136645962732919,0.816,0.8148322981366459,0.8317460317460318,0.8692173913043477,0.9053673339162751,0.14006655507865834,0.8435970983825742
psychologist,lightgbm,r1_v12_replay,0.8445945945945946,0.7763975155279503,0.816,0.7961987577639751,0.8090614886731392,0.8607701863354038,0.8984515512568862,0.14896533812337262,0.8215472139575873
psychologist,rf,r1_v12_replay,0.8475609756097561,0.8633540372670807,0.8,0.8316770186335404,0.8553846153846154,0.8852422360248448,0.9121638790674771,0.13463079845418852,0.8615209597745984
psychologist,xgboost,r1_v12_replay,0.8581081081081081,0.7888198757763976,0.832,0.8104099378881988,0.8220064724919094,0.8701366459627329,0.9057200025939021,0.14546214718198835,0.8373157137269467
