{
  "generated_at_utc": "2026-03-30T00:55:54.026775+00:00",
  "best_v4_trial": "V4_T03_target_high_confidence",
  "best_v4_metrics": {
    "precision": 0.9741379310344828,
    "balanced_accuracy": 0.8389316770186335,
    "recall": 0.7018633540372671,
    "specificity": 0.976
  }
}