{
  "model_version": "rf_conduct_v3_balanced_subsample",
  "parent_version": "rf_conduct_v1_baseline",
  "task_type": "binary",
  "status": "completed",
  "dataset_name": "dataset_conduct_minimal",
  "dataset_variant": "minimal",
  "data_scope": "strict_no_leakage",
  "split_version": "splits_strict_no_leakage_frozen_v1",
  "preprocessing_version": "rf_preproc_v1",
  "seed": 42,
  "target": "target_conduct",
  "n_features_raw": 23,
  "n_features_final": 22,
  "train_rows": 1333,
  "val_rows": 286,
  "test_rows": 286,
  "best_params": {
    "model__n_estimators": 150,
    "model__min_samples_split": 2,
    "model__min_samples_leaf": 4,
    "model__max_features": "sqrt",
    "model__max_depth": 20,
    "model__class_weight": "balanced_subsample"
  },
  "search_meta": {
    "best_cv_balanced_accuracy": 0.8578613825448033,
    "cv_splits": 3,
    "n_iter": 10
  },
  "threshold_strategy": "sensitivity_priority",
  "threshold_value": 0.273528,
  "calibration_strategy": "sigmoid",
  "validation_metrics": {
    "threshold": 0.273528,
    "accuracy": 0.9195804195804196,
    "balanced_accuracy": 0.8937353629976581,
    "precision": 0.6792452830188679,
    "recall": 0.8571428571428571,
    "sensitivity": 0.8571428571428571,
    "specificity": 0.930327868852459,
    "f1": 0.7578947368421053,
    "support_negative": 244,
    "support_positive": 42,
    "confusion_matrix": [
      [
        227,
        17
      ],
      [
        6,
        36
      ]
    ],
    "normalized_confusion_matrix": [
      [
        0.930327868852459,
        0.06967213114754098
      ],
      [
        0.14285714285714285,
        0.8571428571428571
      ]
    ],
    "roc_auc": 0.9647736143637783,
    "pr_auc": 0.8546146540701643,
    "brier_score": 0.049556446699729466
  },
  "test_metrics": {
    "threshold": 0.273528,
    "accuracy": 0.8916083916083916,
    "balanced_accuracy": 0.8576307572209212,
    "precision": 0.5964912280701754,
    "recall": 0.8095238095238095,
    "sensitivity": 0.8095238095238095,
    "specificity": 0.9057377049180327,
    "f1": 0.6868686868686869,
    "support_negative": 244,
    "support_positive": 42,
    "confusion_matrix": [
      [
        221,
        23
      ],
      [
        8,
        34
      ]
    ],
    "normalized_confusion_matrix": [
      [
        0.9057377049180327,
        0.0942622950819672
      ],
      [
        0.19047619047619047,
        0.8095238095238095
      ]
    ],
    "roc_auc": 0.9510148321623731,
    "pr_auc": 0.7605421816012531,
    "brier_score": 0.0611708461935945
  },
  "notes": "Minimal conduct dataset with aggressive pruning and sensitivity-priority threshold.",
  "experimental": false,
  "created_at": "2026-03-24T03:20:03.140373+00:00"
}