threshold,accuracy,balanced_accuracy,precision,recall,specificity,f1,roc_auc,pr_auc,brier_score,tn,fp,fn,tp,support_negative,support_positive,false_positive_rate,false_negative_rate
0.75,0.9790209790209791,0.9781845919145691,0.9739130434782609,0.9739130434782609,0.9824561403508771,0.9739130434782609,0.9907195525044495,0.9731851233418317,0.013270389094958281,168,3,3,112,171,115,0.017543859649122806,0.02608695652173913
