{
  "model_version": "rf_depression_v5_precision_calibrated",
  "parent_version": "rf_depression_v1_baseline",
  "task_type": "binary",
  "status": "completed",
  "dataset_name": "dataset_depression_parent",
  "dataset_variant": "parent",
  "data_scope": "strict_no_leakage",
  "split_version": "splits_strict_no_leakage_frozen_v1",
  "preprocessing_version": "rf_preproc_v1",
  "seed": 42,
  "target": "target_depression",
  "n_features_raw": 21,
  "n_features_final": 20,
  "train_rows": 1333,
  "val_rows": 286,
  "test_rows": 286,
  "threshold_strategy": "precision_constrained",
  "threshold_value": 0.140277,
  "recall_floor": 0.78,
  "balanced_accuracy_tolerance": 0.03,
  "calibration_strategy": "sigmoid",
  "validation_metrics": {
    "threshold": 0.140277,
    "accuracy": 0.8846153846153846,
    "balanced_accuracy": 0.8619791666666667,
    "precision": 0.4716981132075472,
    "recall": 0.8333333333333334,
    "sensitivity": 0.8333333333333334,
    "specificity": 0.890625,
    "f1": 0.6024096385542169,
    "support_negative": 256,
    "support_positive": 30,
    "confusion_matrix": [
      [
        228,
        28
      ],
      [
        5,
        25
      ]
    ],
    "normalized_confusion_matrix": [
      [
        0.890625,
        0.109375
      ],
      [
        0.16666666666666666,
        0.8333333333333334
      ]
    ],
    "roc_auc": 0.9397135416666667,
    "pr_auc": 0.6186359734490556,
    "brier_score": 0.05888866173321761,
    "fpr": 0.109375,
    "fnr": 0.16666666666666663,
    "prevalence": 0.1048951048951049,
    "precision_lift_vs_baseline": 0.014070994563479378,
    "recall_delta_vs_baseline": -0.06666666666666665,
    "balanced_accuracy_delta_vs_baseline": -0.025520833333333215
  },
  "test_metrics": {
    "threshold": 0.140277,
    "accuracy": 0.8811188811188811,
    "balanced_accuracy": 0.889453125,
    "precision": 0.46551724137931033,
    "recall": 0.9,
    "sensitivity": 0.9,
    "specificity": 0.87890625,
    "f1": 0.6136363636363636,
    "support_negative": 256,
    "support_positive": 30,
    "confusion_matrix": [
      [
        225,
        31
      ],
      [
        3,
        27
      ]
    ],
    "normalized_confusion_matrix": [
      [
        0.87890625,
        0.12109375
      ],
      [
        0.1,
        0.9
      ]
    ],
    "roc_auc": 0.9270833333333334,
    "pr_auc": 0.550473413181656,
    "brier_score": 0.06438890702988329,
    "fpr": 0.12109375,
    "fnr": 0.09999999999999998,
    "prevalence": 0.1048951048951049,
    "precision_lift_vs_baseline": NaN,
    "recall_delta_vs_baseline": 0.0,
    "balanced_accuracy_delta_vs_baseline": 0.009765625
  },
  "abstention_validation": {
    "low_threshold": 0.140277,
    "high_threshold": 0.7605263157894737,
    "coverage": 0.8181818181818182,
    "uncertain_rate": 0.18181818181818182,
    "precision_high": 1.0,
    "npv_low": 0.9785407725321889,
    "recall_effective": 0.03333333333333333,
    "specificity_effective": 0.890625,
    "selection_reason": "target_precision_with_coverage",
    "target_high_precision": 0.7,
    "min_confident_coverage": 0.1
  },
  "abstention_test": {
    "coverage": 0.8006993006993007,
    "uncertain_rate": 0.1993006993006993,
    "precision_high": 1.0,
    "npv_low": 0.9868421052631579,
    "recall_effective": 0.03333333333333333,
    "specificity_effective": 0.87890625,
    "confident_positive_n": 1,
    "confident_negative_n": 228,
    "uncertain_n": 57
  },
  "notes": "Depression precision challenger with calibration + constrained threshold.",
  "experimental": false,
  "created_at": "2026-03-25T20:26:54.736759+00:00"
}