model_version,dataset_name,threshold,accuracy,balanced_accuracy,precision,recall,sensitivity,specificity,f1,support_negative,support_positive,confusion_matrix,normalized_confusion_matrix,roc_auc,pr_auc,brier_score,method
rf_depression_v3_calibrated,dataset_depression_combined,0.15021645021645022,0.8461538461538461,0.8846354166666667,0.4,0.9333333333333333,0.9333333333333333,0.8359375,0.56,256,30,"[[214, 42], [2, 28]]","[[0.8359375, 0.1640625], [0.06666666666666667, 0.9333333333333333]]",0.9426432291666667,0.6476364797755426,0.057990110729130205,youden_j
rf_depression_v3_calibrated,dataset_depression_combined,0.220238,0.8706293706293706,0.8688802083333333,0.4406779661016949,0.8666666666666667,0.8666666666666667,0.87109375,0.5842696629213483,256,30,"[[223, 33], [4, 26]]","[[0.87109375, 0.12890625], [0.13333333333333333, 0.8666666666666667]]",0.9426432291666667,0.6476364797755426,0.057990110729130205,sensitivity_priority
rf_depression_v3_calibrated,dataset_depression_combined,0.279762,0.9125874125874126,0.8334635416666667,0.5641025641025641,0.7333333333333333,0.7333333333333333,0.93359375,0.6376811594202898,256,30,"[[239, 17], [8, 22]]","[[0.93359375, 0.06640625], [0.26666666666666666, 0.7333333333333333]]",0.9426432291666667,0.6476364797755426,0.057990110729130205,best_f1
rf_depression_v3_calibrated,dataset_depression_combined,0.5,0.916083916083916,0.6588541666666666,0.7142857142857143,0.3333333333333333,0.3333333333333333,0.984375,0.45454545454545453,256,30,"[[252, 4], [20, 10]]","[[0.984375, 0.015625], [0.6666666666666666, 0.3333333333333333]]",0.9426432291666667,0.6476364797755426,0.057990110729130205,fixed_0_5
