model_version,dataset_name,threshold,accuracy,balanced_accuracy,precision,recall,sensitivity,specificity,f1,support_negative,support_positive,confusion_matrix,normalized_confusion_matrix,roc_auc,pr_auc,brier_score,method
rf_elimination_v2_missingness_augmented,dataset_elimination_core,0.11081514150403322,0.5909090909090909,0.6406395891690009,0.183206106870229,0.7058823529411765,0.7058823529411765,0.5753968253968254,0.2909090909090909,252,34,"[[145, 107], [10, 24]]","[[0.5753968253968254, 0.4246031746031746], [0.29411764705882354, 0.7058823529411765]]",0.6338702147525677,0.21938240070211756,0.10198058638794386,youden_j
rf_elimination_v2_missingness_augmented,dataset_elimination_core,0.124502,0.6783216783216783,0.6266339869281046,0.19791666666666666,0.5588235294117647,0.5588235294117647,0.6944444444444444,0.2923076923076923,252,34,"[[175, 77], [15, 19]]","[[0.6944444444444444, 0.3055555555555556], [0.4411764705882353, 0.5588235294117647]]",0.6338702147525677,0.21938240070211756,0.10198058638794386,best_f1
rf_elimination_v2_missingness_augmented,dataset_elimination_core,0.084485,0.27972027972027974,0.5403828197945845,0.12931034482758622,0.8823529411764706,0.8823529411764706,0.1984126984126984,0.22556390977443608,252,34,"[[50, 202], [4, 30]]","[[0.1984126984126984, 0.8015873015873016], [0.11764705882352941, 0.8823529411764706]]",0.6338702147525677,0.21938240070211756,0.10198058638794386,sensitivity_priority
rf_elimination_v2_missingness_augmented,dataset_elimination_core,0.5,0.8811188811188811,0.5,0.0,0.0,0.0,1.0,0.0,252,34,"[[252, 0], [34, 0]]","[[1.0, 0.0], [1.0, 0.0]]",0.6338702147525677,0.21938240070211756,0.10198058638794386,fixed_0_5
