precision,recall,specificity,balanced_accuracy,f1,roc_auc,pr_auc,brier,mode,domain,chosen_family,chosen_feature_variant,chosen_threshold_policy,improvement_level,delta_balanced_accuracy,delta_recall,delta_brier,delta_precision,delta_specificity,delta_f1,delta_roc_auc,delta_pr_auc,n_features
0.9495,0.8178,0.944,0.8809,0.8788,0.9484,0.95,0.0842,caregiver,adhd,rf,engineered,precision_guarded,none_baseline_kept,0.0,0.0,0.0,,,,,,
0.8587230387478526,0.9464882943143813,0.8951866846603688,0.920837489487375,0.9003474708196765,0.9793972109761584,0.9607701913017563,0.05787429266590875,caregiver,depression,catboost,engineered,recall_guarded,material,0.032437489487375015,0.16388829431438134,0.0037742926659087503,-0.13027696125214738,-0.0990133153396312,0.026547470819676455,-0.0028027890238415676,-0.008029808698243657,28.0
0.9483,0.6832,0.952,0.8176,0.7942,0.8759,0.8907,0.1331,caregiver,elimination,xgboost,engineered,precision_guarded,none_baseline_kept,0.0,0.0,0.0,,,,,,
0.9562,0.8137,0.952,0.8828,0.8792,0.9522,0.9544,0.0829,psychologist,adhd,rf,base,precision_guarded,none_baseline_kept,0.0,0.0,0.0,,,,,,
0.8587230387478526,0.9464882943143813,0.8951866846603688,0.920837489487375,0.9003474708196765,0.9793972109761584,0.9607701913017563,0.05787429266590875,psychologist,depression,catboost,engineered,recall_guarded,marginal,0.006137489487375025,0.050788294314381255,0.0009742926659087534,-0.043576961252147384,-0.038513315339631204,0.002247470819676467,-0.0009027890238415548,-0.0025298086982437074,29.0
0.9402,0.6832,0.944,0.8136,0.7914,0.877,0.8958,0.1371,psychologist,elimination,lightgbm,engineered,precision_guarded,none_baseline_kept,0.0,0.0,0.0,,,,,,
