threshold,accuracy,balanced_accuracy,precision,recall,sensitivity,specificity,f1,support_negative,support_positive,confusion_matrix,normalized_confusion_matrix,roc_auc,pr_auc,brier_score,method
0.150080895183719,0.8776223776223776,0.8415032679738561,0.4909090909090909,0.7941176470588235,0.7941176470588235,0.8888888888888888,0.6067415730337079,252,34,"[[224, 28], [7, 27]]","[[0.8888888888888888, 0.1111111111111111], [0.20588235294117646, 0.7941176470588235]]",0.8850373482726424,0.4819500566326821,0.08141431753994668,youden_j
0.136239,0.8566433566433567,0.8295985060690942,0.4426229508196721,0.7941176470588235,0.7941176470588235,0.8650793650793651,0.5684210526315789,252,34,"[[218, 34], [7, 27]]","[[0.8650793650793651, 0.1349206349206349], [0.20588235294117646, 0.7941176470588235]]",0.8850373482726424,0.4819500566326821,0.08141431753994668,sensitivity_priority
0.221408,0.8881118881118881,0.7456816059757236,0.5277777777777778,0.5588235294117647,0.5588235294117647,0.9325396825396826,0.5428571428571428,252,34,"[[235, 17], [15, 19]]","[[0.9325396825396826, 0.06746031746031746], [0.4411764705882353, 0.5588235294117647]]",0.8850373482726424,0.4819500566326821,0.08141431753994668,best_f1
0.5,0.8811188811188811,0.563608776844071,0.5,0.14705882352941177,0.14705882352941177,0.9801587301587301,0.22727272727272727,252,34,"[[247, 5], [29, 5]]","[[0.9801587301587301, 0.01984126984126984], [0.8529411764705882, 0.14705882352941177]]",0.8850373482726424,0.4819500566326821,0.08141431753994668,fixed_0_5
