dataset,version,threshold,accuracy,balanced_accuracy,precision,recall,sensitivity,specificity,f1,support_negative,support_positive,confusion_matrix,normalized_confusion_matrix,roc_auc,pr_auc,brier_score,method
dataset_elimination_core,research_extended,0.150080895183719,0.8111888111888111,0.8292483660130718,0.3717948717948718,0.8529411764705882,0.8529411764705882,0.8055555555555556,0.5178571428571429,252,34,"[[203, 49], [5, 29]]","[[0.8055555555555556, 0.19444444444444445], [0.14705882352941177, 0.8529411764705882]]",0.8650793650793651,0.4321744013084533,0.08222005261666769,youden_j
dataset_elimination_core,research_extended,0.136239,0.8111888111888111,0.8292483660130718,0.3717948717948718,0.8529411764705882,0.8529411764705882,0.8055555555555556,0.5178571428571429,252,34,"[[203, 49], [5, 29]]","[[0.8055555555555556, 0.19444444444444445], [0.14705882352941177, 0.8529411764705882]]",0.8650793650793651,0.4321744013084533,0.08222005261666769,sensitivity_priority
dataset_elimination_core,research_extended,0.221408,0.8601398601398601,0.7934173669467788,0.4444444444444444,0.7058823529411765,0.7058823529411765,0.8809523809523809,0.5454545454545454,252,34,"[[222, 30], [10, 24]]","[[0.8809523809523809, 0.11904761904761904], [0.29411764705882354, 0.7058823529411765]]",0.8650793650793651,0.4321744013084533,0.08222005261666769,best_f1
dataset_elimination_core,research_extended,0.5,0.8881118881118881,0.5930205415499533,0.5833333333333334,0.20588235294117646,0.20588235294117646,0.9801587301587301,0.30434782608695654,252,34,"[[247, 5], [27, 7]]","[[0.9801587301587301, 0.01984126984126984], [0.7941176470588235, 0.20588235294117646]]",0.8650793650793651,0.4321744013084533,0.08222005261666769,fixed_0_5
