threshold,accuracy,balanced_accuracy,precision,recall,specificity,f1,roc_auc,pr_auc,brier_score,tn,fp,fn,tp,support_negative,support_positive,false_positive_rate,false_negative_rate
0.85,0.9440559440559441,0.9038228155339806,0.9848484848484849,0.8125,0.9951456310679612,0.8904109589041096,0.9910194174757281,0.9791971692459809,0.034568219668093085,205,1,15,65,206,80,0.0048543689320388345,0.1875
