mode,domain,baseline_precision,baseline_recall,baseline_specificity,baseline_balanced_accuracy,baseline_f1,baseline_brier,baseline_pr_auc,v11_precision,v11_recall,v11_specificity,v11_balanced_accuracy,v11_f1,v11_brier,v11_pr_auc,delta_precision,delta_recall,delta_specificity,delta_balanced_accuracy,delta_f1,delta_pr_auc,delta_brier,delta_output_readiness,delta_uncertainty_usefulness,selected_operating_mode,approval_status
caregiver,elimination,0.91869918699187,0.7018633540372671,0.92,0.8109316770186336,0.795774647887324,0.1485824753360272,0.8896162027183818,0.993421052631579,0.937888198757764,0.992,0.964944099378882,0.9648562300319489,0.03506129166800665,0.9852344424620342,0.07472186563970895,0.2360248447204969,0.07199999999999995,0.15401242236024848,0.16908158214462488,0.09561823974365236,-0.11352118366802055,0.32999999999999996,0.0,balanced,ready_with_caveat
psychologist,elimination,0.9256198347107438,0.6956521739130435,0.928,0.8118260869565217,0.7943262411347518,0.1445763621488415,0.8886110709840416,1.0,0.937888198757764,1.0,0.968944099378882,0.967948717948718,0.03422938188684162,0.9862807778140408,0.07438016528925617,0.2422360248447205,0.07199999999999995,0.15711801242236034,0.17362247681396614,0.0976697068299992,-0.11034698026199989,0.32999999999999996,0.0,balanced,ready_with_caveat
