threshold,accuracy,balanced_accuracy,precision,recall,specificity,f1,roc_auc,pr_auc,brier_score,tn,fp,fn,tp,support_negative,support_positive,false_positive_rate,false_negative_rate
0.65,0.9685314685314685,0.9475728155339807,0.9863013698630136,0.9,0.9951456310679612,0.9411764705882353,0.9850728155339805,0.9668550476935045,0.027097433525521082,205,1,8,72,206,80,0.0048543689320388345,0.1
