model_version,dataset_name,threshold,accuracy,balanced_accuracy,precision,recall,sensitivity,specificity,f1,support_negative,support_positive,confusion_matrix,normalized_confusion_matrix,roc_auc,pr_auc,brier_score,method
rf_conduct_v3_balanced_subsample,dataset_conduct_minimal,0.21319957113867596,0.9090909090909091,0.8974434035909445,0.6379310344827587,0.8809523809523809,0.8809523809523809,0.9139344262295082,0.74,244,42,"[[223, 21], [5, 37]]","[[0.9139344262295082, 0.0860655737704918], [0.11904761904761904, 0.8809523809523809]]",0.9647736143637783,0.8546146540701643,0.049556446699729466,youden_j
rf_conduct_v3_balanced_subsample,dataset_conduct_minimal,0.273528,0.9195804195804196,0.8937353629976581,0.6792452830188679,0.8571428571428571,0.8571428571428571,0.930327868852459,0.7578947368421053,244,42,"[[227, 17], [6, 36]]","[[0.930327868852459, 0.06967213114754098], [0.14285714285714285, 0.8571428571428571]]",0.9647736143637783,0.8546146540701643,0.049556446699729466,sensitivity_priority
rf_conduct_v3_balanced_subsample,dataset_conduct_minimal,0.500056,0.9405594405594405,0.876463700234192,0.8048780487804879,0.7857142857142857,0.7857142857142857,0.9672131147540983,0.7951807228915663,244,42,"[[236, 8], [9, 33]]","[[0.9672131147540983, 0.03278688524590164], [0.21428571428571427, 0.7857142857142857]]",0.9647736143637783,0.8546146540701643,0.049556446699729466,best_f1
rf_conduct_v3_balanced_subsample,dataset_conduct_minimal,0.5,0.9370629370629371,0.8744145199063231,0.7857142857142857,0.7857142857142857,0.7857142857142857,0.9631147540983607,0.7857142857142857,244,42,"[[235, 9], [9, 33]]","[[0.9631147540983607, 0.036885245901639344], [0.21428571428571427, 0.7857142857142857]]",0.9647736143637783,0.8546146540701643,0.049556446699729466,fixed_0_5
