dataset,version,threshold,accuracy,balanced_accuracy,precision,recall,sensitivity,specificity,f1,support_negative,support_positive,confusion_matrix,normalized_confusion_matrix,roc_auc,pr_auc,brier_score,method
dataset_depression_items,strict_no_leakage,0.12379394628185941,0.8776223776223776,0.9022135416666667,0.45901639344262296,0.9333333333333333,0.9333333333333333,0.87109375,0.6153846153846154,256,30,"[[223, 33], [2, 28]]","[[0.87109375, 0.12890625], [0.06666666666666667, 0.9333333333333333]]",0.94375,0.6377741400852726,0.057242300588981984,youden_j
dataset_depression_items,strict_no_leakage,0.148246,0.8916083916083916,0.8805989583333333,0.49056603773584906,0.8666666666666667,0.8666666666666667,0.89453125,0.6265060240963856,256,30,"[[229, 27], [4, 26]]","[[0.89453125, 0.10546875], [0.13333333333333333, 0.8666666666666667]]",0.94375,0.6377741400852726,0.057242300588981984,best_f1
dataset_depression_items,strict_no_leakage,0.148246,0.8916083916083916,0.8805989583333333,0.49056603773584906,0.8666666666666667,0.8666666666666667,0.89453125,0.6265060240963856,256,30,"[[229, 27], [4, 26]]","[[0.89453125, 0.10546875], [0.13333333333333333, 0.8666666666666667]]",0.94375,0.6377741400852726,0.057242300588981984,sensitivity_priority
dataset_depression_items,strict_no_leakage,0.5,0.9125874125874126,0.6569010416666666,0.6666666666666666,0.3333333333333333,0.3333333333333333,0.98046875,0.4444444444444444,256,30,"[[251, 5], [20, 10]]","[[0.98046875, 0.01953125], [0.6666666666666666, 0.3333333333333333]]",0.94375,0.6377741400852726,0.057242300588981984,fixed_0_5
