threshold,accuracy,balanced_accuracy,precision,recall,sensitivity,specificity,f1,support_negative,support_positive,confusion_matrix,normalized_confusion_matrix,roc_auc,pr_auc,brier_score,method
0.12379394628185941,0.8706293706293706,0.8541666666666667,0.43859649122807015,0.8333333333333334,0.8333333333333334,0.875,0.5747126436781609,256,30,"[[224, 32], [5, 25]]","[[0.875, 0.125], [0.16666666666666666, 0.8333333333333334]]",0.9334635416666667,0.6174270111706665,0.059474163196645224,youden_j
0.148246,0.8811188811188811,0.8453125,0.46153846153846156,0.8,0.8,0.890625,0.5853658536585366,256,30,"[[228, 28], [6, 24]]","[[0.890625, 0.109375], [0.2, 0.8]]",0.9334635416666667,0.6174270111706665,0.059474163196645224,best_f1
0.148246,0.8811188811188811,0.8453125,0.46153846153846156,0.8,0.8,0.890625,0.5853658536585366,256,30,"[[228, 28], [6, 24]]","[[0.890625, 0.109375], [0.2, 0.8]]",0.9334635416666667,0.6174270111706665,0.059474163196645224,sensitivity_priority
0.5,0.9090909090909091,0.684375,0.6,0.4,0.4,0.96875,0.48,256,30,"[[248, 8], [18, 12]]","[[0.96875, 0.03125], [0.6, 0.4]]",0.9334635416666667,0.6174270111706665,0.059474163196645224,fixed_0_5
