threshold,accuracy,balanced_accuracy,precision,recall,sensitivity,specificity,f1,support_negative,support_positive,confusion_matrix,normalized_confusion_matrix,roc_auc,pr_auc,brier_score,target
0.5,0.9300699300699301,0.8372225384177576,0.7142857142857143,0.7142857142857143,0.7142857142857143,0.9601593625498008,0.7142857142857143,251,35,"[[241, 10], [10, 25]]","[[0.9601593625498008, 0.0398406374501992], [0.2857142857142857, 0.7142857142857143]]",0.965395560614684,0.7574764917648548,0.05050119406938557,target_conduct
0.5,0.8251748251748252,0.8226686507936508,0.84375,0.84375,0.84375,0.8015873015873016,0.84375,126,160,"[[101, 25], [25, 135]]","[[0.8015873015873016, 0.1984126984126984], [0.15625, 0.84375]]",0.9236111111111112,0.9436123407082775,0.11353113430289483,target_adhd
0.5,0.8951048951048951,0.5,0.0,0.0,0.0,1.0,0.0,256,30,"[[256, 0], [30, 0]]","[[1.0, 0.0], [1.0, 0.0]]",0.6723958333333333,0.26922023083006685,0.09016588724065877,target_elimination
0.5,0.8146853146853147,0.8126960784313726,0.8267716535433071,0.7720588235294118,0.7720588235294118,0.8533333333333334,0.7984790874524715,150,136,"[[128, 22], [31, 105]]","[[0.8533333333333334, 0.14666666666666667], [0.22794117647058823, 0.7720588235294118]]",0.9093137254901961,0.9101836307214394,0.12431137712292875,target_anxiety
0.5,0.9195804195804196,0.6755208333333333,0.7333333333333333,0.36666666666666664,0.36666666666666664,0.984375,0.4888888888888889,256,30,"[[252, 4], [19, 11]]","[[0.984375, 0.015625], [0.6333333333333333, 0.36666666666666664]]",0.9451822916666668,0.681870765008178,0.05389758926317497,target_depression
