{
  "summary": {
    "model_id": "master_multilabel_ready__strict_no_leakage",
    "dataset_name": "master_multilabel_ready",
    "version": "strict_no_leakage",
    "n_rows": 1905,
    "n_features": 581,
    "subset_accuracy_val": 0.548951048951049,
    "subset_accuracy_test": 0.527972027972028,
    "hamming_loss_test": 0.12307692307692308,
    "micro_f1_test": 0.7582417582417582,
    "macro_f1_test": 0.5690807381254149,
    "weighted_f1_test": 0.724449674067015,
    "search_meta": {
      "source": "search",
      "best_cv_micro_f1": 0.7925061838024866,
      "n_iter": 8
    },
    "best_params": {
      "model__estimator__n_estimators": 150,
      "model__estimator__min_samples_split": 5,
      "model__estimator__min_samples_leaf": 4,
      "model__estimator__max_features": "sqrt",
      "model__estimator__max_depth": 10,
      "model__estimator__class_weight": null
    },
    "artifact_pipeline_path": "artifacts\\models\\multilabel\\master_multilabel_ready__strict_no_leakage\\pipeline.joblib",
    "artifact_metadata_path": "artifacts\\models\\multilabel\\master_multilabel_ready__strict_no_leakage\\metadata.json",
    "manifest_exists": true,
    "figure_count": 15
  },
  "validation_metrics": {
    "subset_accuracy": 0.548951048951049,
    "hamming_loss": 0.10839160839160839,
    "micro_precision": 0.8504398826979472,
    "micro_recall": 0.7360406091370558,
    "micro_f1": 0.7891156462585034,
    "macro_precision": 0.6109301516833148,
    "macro_recall": 0.5451083951112001,
    "macro_f1": 0.5730603365844329,
    "weighted_precision": 0.7690095738707321,
    "weighted_recall": 0.7360406091370558,
    "weighted_f1": 0.7503897448629422,
    "per_label": [
      {
        "threshold": 0.5,
        "accuracy": 0.9020979020979021,
        "balanced_accuracy": 0.7909322033898305,
        "precision": 0.775,
        "recall": 0.62,
        "sensitivity": 0.62,
        "specificity": 0.961864406779661,
        "f1": 0.6888888888888889,
        "support_negative": 236,
        "support_positive": 50,
        "confusion_matrix": [
          [
            227,
            9
          ],
          [
            19,
            31
          ]
        ],
        "normalized_confusion_matrix": [
          [
            0.961864406779661,
            0.038135593220338986
          ],
          [
            0.38,
            0.62
          ]
        ],
        "roc_auc": 0.9588135593220339,
        "pr_auc": 0.823518680236893,
        "brier_score": 0.06601607148171336,
        "target": "target_conduct"
      },
      {
        "threshold": 0.5,
        "accuracy": 0.9020979020979021,
        "balanced_accuracy": 0.901416149068323,
        "precision": 0.9182389937106918,
        "recall": 0.906832298136646,
        "sensitivity": 0.906832298136646,
        "specificity": 0.896,
        "f1": 0.9125,
        "support_negative": 125,
        "support_positive": 161,
        "confusion_matrix": [
          [
            112,
            13
          ],
          [
            15,
            146
          ]
        ],
        "normalized_confusion_matrix": [
          [
            0.896,
            0.104
          ],
          [
            0.09316770186335403,
            0.906832298136646
          ]
        ],
        "roc_auc": 0.9591055900621118,
        "pr_auc": 0.9675692914438042,
        "brier_score": 0.07801101523459933,
        "target": "target_adhd"
      },
      {
        "threshold": 0.5,
        "accuracy": 0.8811188811188811,
        "balanced_accuracy": 0.5,
        "precision": 0.0,
        "recall": 0.0,
        "sensitivity": 0.0,
        "specificity": 1.0,
        "f1": 0.0,
        "support_negative": 252,
        "support_positive": 34,
        "confusion_matrix": [
          [
            252,
            0
          ],
          [
            34,
            0
          ]
        ],
        "normalized_confusion_matrix": [
          [
            1.0,
            0.0
          ],
          [
            1.0,
            0.0
          ]
        ],
        "roc_auc": 0.6379551820728292,
        "pr_auc": 0.20902534978225434,
        "brier_score": 0.10290452044803355,
        "target": "target_elimination"
      },
      {
        "threshold": 0.5,
        "accuracy": 0.8566433566433567,
        "balanced_accuracy": 0.8545400238948626,
        "precision": 0.832,
        "recall": 0.8387096774193549,
        "sensitivity": 0.8387096774193549,
        "specificity": 0.8703703703703703,
        "f1": 0.8353413654618473,
        "support_negative": 162,
        "support_positive": 124,
        "confusion_matrix": [
          [
            141,
            21
          ],
          [
            20,
            104
          ]
        ],
        "normalized_confusion_matrix": [
          [
            0.8703703703703703,
            0.12962962962962962
          ],
          [
            0.16129032258064516,
            0.8387096774193549
          ]
        ],
        "roc_auc": 0.9374751095181203,
        "pr_auc": 0.9236720724455578,
        "brier_score": 0.10168011122281138,
        "target": "target_anxiety"
      },
      {
        "threshold": 0.5,
        "accuracy": 0.916083916083916,
        "balanced_accuracy": 0.6646743295019157,
        "precision": 0.5294117647058824,
        "recall": 0.36,
        "sensitivity": 0.36,
        "specificity": 0.9693486590038314,
        "f1": 0.42857142857142855,
        "support_negative": 261,
        "support_positive": 25,
        "confusion_matrix": [
          [
            253,
            8
          ],
          [
            16,
            9
          ]
        ],
        "normalized_confusion_matrix": [
          [
            0.9693486590038314,
            0.03065134099616858
          ],
          [
            0.64,
            0.36
          ]
        ],
        "roc_auc": 0.8996168582375479,
        "pr_auc": 0.4990749179678992,
        "brier_score": 0.06196151164639155,
        "target": "target_depression"
      }
    ]
  },
  "test_metrics": {
    "subset_accuracy": 0.527972027972028,
    "hamming_loss": 0.12307692307692308,
    "micro_precision": 0.8189910979228486,
    "micro_recall": 0.7058823529411765,
    "micro_f1": 0.7582417582417582,
    "macro_precision": 0.6236281402324709,
    "macro_recall": 0.5393522408963586,
    "macro_f1": 0.5690807381254149,
    "weighted_precision": 0.7530458948385927,
    "weighted_recall": 0.7058823529411765,
    "weighted_f1": 0.724449674067015,
    "per_label": [
      {
        "threshold": 0.5,
        "accuracy": 0.9300699300699301,
        "balanced_accuracy": 0.8372225384177576,
        "precision": 0.7142857142857143,
        "recall": 0.7142857142857143,
        "sensitivity": 0.7142857142857143,
        "specificity": 0.9601593625498008,
        "f1": 0.7142857142857143,
        "support_negative": 251,
        "support_positive": 35,
        "confusion_matrix": [
          [
            241,
            10
          ],
          [
            10,
            25
          ]
        ],
        "normalized_confusion_matrix": [
          [
            0.9601593625498008,
            0.0398406374501992
          ],
          [
            0.2857142857142857,
            0.7142857142857143
          ]
        ],
        "roc_auc": 0.965395560614684,
        "pr_auc": 0.7574764917648548,
        "brier_score": 0.05050119406938557,
        "target": "target_conduct"
      },
      {
        "threshold": 0.5,
        "accuracy": 0.8251748251748252,
        "balanced_accuracy": 0.8226686507936508,
        "precision": 0.84375,
        "recall": 0.84375,
        "sensitivity": 0.84375,
        "specificity": 0.8015873015873016,
        "f1": 0.84375,
        "support_negative": 126,
        "support_positive": 160,
        "confusion_matrix": [
          [
            101,
            25
          ],
          [
            25,
            135
          ]
        ],