domain,positive_rate
ADHD,0.19583333333333333
Conduct,0.3325
Anxiety_any,0.17916666666666667
Depression_MDD,0.12958333333333333
Depression_DMDD,0.028333333333333332
Depression_PDD,0.065
Enuresis,0.0925
Encopresis,0.020416666666666666
Elimination_any,0.10791666666666666
