threshold,accuracy,balanced_accuracy,precision,recall,specificity,f1,roc_auc,pr_auc,brier_score,tn,fp,fn,tp,support_negative,support_positive,false_positive_rate,false_negative_rate
0.7,0.9895104895104895,0.9888956310679612,0.9753086419753086,0.9875,0.9902912621359223,0.9813664596273292,0.9950849514563107,0.9753124059018369,0.007415898633653147,204,2,1,79,206,80,0.009708737864077669,0.0125
