threshold,accuracy,balanced_accuracy,precision,recall,specificity,f1,roc_auc,pr_auc,brier_score,tn,fp,fn,tp,support_negative,support_positive,false_positive_rate,false_negative_rate
0.7,0.9895104895104895,0.9850728155339805,0.9873417721518988,0.975,0.9951456310679612,0.9811320754716981,0.9909283980582524,0.9783460893692962,0.013853387513985453,205,1,2,78,206,80,0.0048543689320388345,0.025
