{
  "model_version": "rf_conduct_v4_precision_thresholded",
  "parent_version": "rf_conduct_v1_baseline",
  "task_type": "binary",
  "status": "completed",
  "dataset_name": "dataset_conduct_minimal",
  "dataset_variant": "minimal",
  "data_scope": "strict_no_leakage",
  "split_version": "splits_strict_no_leakage_frozen_v1",
  "preprocessing_version": "rf_preproc_v1",
  "seed": 42,
  "target": "target_conduct",
  "n_features_raw": 23,
  "n_features_final": 18,
  "train_rows": 1333,
  "val_rows": 286,
  "test_rows": 286,
  "threshold_strategy": "precision_constrained",
  "threshold_value": 0.692412996873836,
  "recall_floor": 0.7547619047619047,
  "balanced_accuracy_tolerance": 0.03,
  "calibration_strategy": "none",
  "validation_metrics": {
    "threshold": 0.692412996873836,
    "accuracy": 0.9440559440559441,
    "balanced_accuracy": 0.8982240437158471,
    "precision": 0.7954545454545454,
    "recall": 0.8333333333333334,
    "sensitivity": 0.8333333333333334,
    "specificity": 0.9631147540983607,
    "f1": 0.813953488372093,
    "support_negative": 244,
    "support_positive": 42,
    "confusion_matrix": [
      [
        235,
        9
      ],
      [
        7,
        35
      ]
    ],
    "normalized_confusion_matrix": [
      [
        0.9631147540983607,
        0.036885245901639344
      ],
      [
        0.16666666666666666,
        0.8333333333333334
      ]
    ],
    "roc_auc": 0.9630171740827479,
    "pr_auc": 0.8426878003352442,
    "brier_score": 0.0649927872119496,
    "fpr": 0.03688524590163933,
    "fnr": 0.16666666666666663,
    "prevalence": 0.14685314685314685,
    "precision_lift_vs_baseline": 0.19227994227994227,
    "recall_delta_vs_baseline": -0.0714285714285714,
    "balanced_accuracy_delta_vs_baseline": -0.0029274004683840227
  },
  "test_metrics": {
    "threshold": 0.692412996873836,
    "accuracy": 0.9090909090909091,
    "balanced_accuracy": 0.7988875878220141,
    "precision": 0.7105263157894737,
    "recall": 0.6428571428571429,
    "sensitivity": 0.6428571428571429,
    "specificity": 0.9549180327868853,
    "f1": 0.675,
    "support_negative": 244,
    "support_positive": 42,
    "confusion_matrix": [
      [
        233,
        11
      ],
      [
        15,
        27
      ]
    ],
    "normalized_confusion_matrix": [
      [
        0.9549180327868853,
        0.045081967213114756
      ],
      [
        0.35714285714285715,
        0.6428571428571429
      ]
    ],
    "roc_auc": 0.9492583918813426,
    "pr_auc": 0.7367307099072957,
    "brier_score": 0.073978809656801,
    "fpr": 0.04508196721311475,
    "fnr": 0.3571428571428571,
    "prevalence": 0.14685314685314685,
    "precision_lift_vs_baseline": NaN,
    "recall_delta_vs_baseline": -0.26190476190476186,
    "balanced_accuracy_delta_vs_baseline": -0.08791959406713501
  },
  "abstention_validation": {
    "low_threshold": 0.5,
    "high_threshold": 0.9093283679274478,
    "coverage": 0.8881118881118881,
    "uncertain_rate": 0.11188811188811189,
    "precision_high": 0.9523809523809523,
    "npv_low": 0.9699570815450643,
    "recall_effective": 0.47619047619047616,
    "specificity_effective": 0.9262295081967213,
    "selection_reason": "target_precision_with_coverage",
    "target_high_precision": 0.7031746031746031,
    "min_confident_coverage": 0.1
  },
  "abstention_test": {
    "coverage": 0.8706293706293706,
    "uncertain_rate": 0.12937062937062938,
    "precision_high": 0.85,
    "npv_low": 0.9650655021834061,
    "recall_effective": 0.40476190476190477,
    "specificity_effective": 0.9057377049180327,
    "confident_positive_n": 20,
    "confident_negative_n": 229,
    "uncertain_n": 37
  },
  "notes": "Conduct minimal set tuned for precision with constrained threshold.",
  "experimental": false,
  "created_at": "2026-03-25T20:27:24.554865+00:00"
}