threshold,accuracy,balanced_accuracy,precision,recall,sensitivity,specificity,f1,support_negative,support_positive,confusion_matrix,normalized_confusion_matrix,roc_auc,pr_auc,brier_score,method
0.25731505924988834,0.9055944055944056,0.9249609679937549,0.6153846153846154,0.9523809523809523,0.9523809523809523,0.8975409836065574,0.7476635514018691,244,42,"[[219, 25], [2, 40]]","[[0.8975409836065574, 0.10245901639344263], [0.047619047619047616, 0.9523809523809523]]",0.9667252146760343,0.8614795679680987,0.04970759751004612,youden_j
0.437972,0.9125874125874126,0.8403590944574552,0.6888888888888889,0.7380952380952381,0.7380952380952381,0.9426229508196722,0.7126436781609196,244,42,"[[230, 14], [11, 31]]","[[0.9426229508196722, 0.05737704918032787], [0.2619047619047619, 0.7380952380952381]]",0.9667252146760343,0.8614795679680987,0.04970759751004612,sensitivity_priority
0.5,0.9195804195804196,0.8247462919594066,0.7435897435897436,0.6904761904761905,0.6904761904761905,0.9590163934426229,0.7160493827160493,244,42,"[[234, 10], [13, 29]]","[[0.9590163934426229, 0.040983606557377046], [0.30952380952380953, 0.6904761904761905]]",0.9667252146760343,0.8614795679680987,0.04970759751004612,fixed_0_5
0.537639,0.9265734265734266,0.8091334894613583,0.8181818181818182,0.6428571428571429,0.6428571428571429,0.9754098360655737,0.72,244,42,"[[238, 6], [15, 27]]","[[0.9754098360655737, 0.02459016393442623], [0.35714285714285715, 0.6428571428571429]]",0.9667252146760343,0.8614795679680987,0.04970759751004612,best_f1
