dataset,version,threshold,accuracy,balanced_accuracy,precision,recall,sensitivity,specificity,f1,support_negative,support_positive,confusion_matrix,normalized_confusion_matrix,roc_auc,pr_auc,brier_score,method
dataset_conduct_clinical,research_extended,0.25731505924988834,0.9370629370629371,0.9236924277907885,0.7307692307692307,0.9047619047619048,0.9047619047619048,0.9426229508196722,0.8085106382978723,244,42,"[[230, 14], [4, 38]]","[[0.9426229508196722, 0.05737704918032787], [0.09523809523809523, 0.9047619047619048]]",0.9690671350507416,0.8463353167074854,0.04488631441627155,youden_j
dataset_conduct_clinical,research_extended,0.437972,0.9440559440559441,0.90807962529274,0.782608695652174,0.8571428571428571,0.8571428571428571,0.9590163934426229,0.8181818181818182,244,42,"[[234, 10], [6, 36]]","[[0.9590163934426229, 0.040983606557377046], [0.14285714285714285, 0.8571428571428571]]",0.9690671350507416,0.8463353167074854,0.04488631441627155,sensitivity_priority
dataset_conduct_clinical,research_extended,0.537639,0.9475524475524476,0.9002732240437159,0.813953488372093,0.8333333333333334,0.8333333333333334,0.9672131147540983,0.8235294117647058,244,42,"[[236, 8], [7, 35]]","[[0.9672131147540983, 0.03278688524590164], [0.16666666666666666, 0.8333333333333334]]",0.9690671350507416,0.8463353167074854,0.04488631441627155,best_f1
dataset_conduct_clinical,research_extended,0.5,0.9440559440559441,0.8982240437158471,0.7954545454545454,0.8333333333333334,0.8333333333333334,0.9631147540983607,0.813953488372093,244,42,"[[235, 9], [7, 35]]","[[0.9631147540983607, 0.036885245901639344], [0.16666666666666666, 0.8333333333333334]]",0.9690671350507416,0.8463353167074854,0.04488631441627155,fixed_0_5
