threshold,accuracy,balanced_accuracy,precision,recall,sensitivity,specificity,f1,support_negative,support_positive,confusion_matrix,normalized_confusion_matrix,roc_auc,pr_auc,brier_score,method
0.400585,0.9125874125874126,0.8600702576112412,0.673469387755102,0.7857142857142857,0.7857142857142857,0.9344262295081968,0.7252747252747253,244,42,"[[228, 16], [9, 33]]","[[0.9344262295081968, 0.06557377049180328], [0.21428571428571427, 0.7857142857142857]]",0.9539422326307572,0.7515055195766542,0.06045570225718779,best_f1
0.3718385021926402,0.9055944055944056,0.8559718969555035,0.6470588235294118,0.7857142857142857,0.7857142857142857,0.9262295081967213,0.7096774193548387,244,42,"[[226, 18], [9, 33]]","[[0.9262295081967213, 0.07377049180327869], [0.21428571428571427, 0.7857142857142857]]",0.9539422326307572,0.7515055195766542,0.06045570225718779,youden_j
0.353925,0.8986013986013986,0.8518735362997658,0.6226415094339622,0.7857142857142857,0.7857142857142857,0.9180327868852459,0.6947368421052632,244,42,"[[224, 20], [9, 33]]","[[0.9180327868852459, 0.08196721311475409], [0.21428571428571427, 0.7857142857142857]]",0.9539422326307572,0.7515055195766542,0.06045570225718779,sensitivity_priority
0.5,0.9055944055944056,0.7771272443403591,0.7142857142857143,0.5952380952380952,0.5952380952380952,0.9590163934426229,0.6493506493506493,244,42,"[[234, 10], [17, 25]]","[[0.9590163934426229, 0.040983606557377046], [0.40476190476190477, 0.5952380952380952]]",0.9539422326307572,0.7515055195766542,0.06045570225718779,fixed_0_5
