dataset,version,threshold,accuracy,balanced_accuracy,precision,recall,sensitivity,specificity,f1,support_negative,support_positive,confusion_matrix,normalized_confusion_matrix,roc_auc,pr_auc,brier_score,method
dataset_conduct_clinical,strict_no_leakage,0.3718385021926402,0.9370629370629371,0.9039812646370022,0.75,0.8571428571428571,0.8571428571428571,0.9508196721311475,0.8,244,42,"[[232, 12], [6, 36]]","[[0.9508196721311475, 0.04918032786885246], [0.14285714285714285, 0.8571428571428571]]",0.9640905542544888,0.8415095580306623,0.05044604551966653,youden_j
dataset_conduct_clinical,strict_no_leakage,0.353925,0.9370629370629371,0.9039812646370022,0.75,0.8571428571428571,0.8571428571428571,0.9508196721311475,0.8,244,42,"[[232, 12], [6, 36]]","[[0.9508196721311475, 0.04918032786885246], [0.14285714285714285, 0.8571428571428571]]",0.9640905542544888,0.8415095580306623,0.05044604551966653,sensitivity_priority
dataset_conduct_clinical,strict_no_leakage,0.400585,0.9405594405594405,0.8961748633879781,0.7777777777777778,0.8333333333333334,0.8333333333333334,0.9590163934426229,0.8045977011494253,244,42,"[[234, 10], [7, 35]]","[[0.9590163934426229, 0.040983606557377046], [0.16666666666666666, 0.8333333333333334]]",0.9640905542544888,0.8415095580306623,0.05044604551966653,best_f1
dataset_conduct_clinical,strict_no_leakage,0.5,0.9370629370629371,0.8744145199063231,0.7857142857142857,0.7857142857142857,0.7857142857142857,0.9631147540983607,0.7857142857142857,244,42,"[[235, 9], [9, 33]]","[[0.9631147540983607, 0.036885245901639344], [0.21428571428571427, 0.7857142857142857]]",0.9640905542544888,0.8415095580306623,0.05044604551966653,fixed_0_5
