model_version,dataset_name,threshold,accuracy,balanced_accuracy,precision,recall,sensitivity,specificity,f1,support_negative,support_positive,confusion_matrix,normalized_confusion_matrix,roc_auc,pr_auc,brier_score,method
rf_conduct_v2_externalizing_focus,dataset_conduct_clinical,0.39653526784443116,0.9440559440559441,0.90807962529274,0.782608695652174,0.8571428571428571,0.8571428571428571,0.9590163934426229,0.8181818181818182,244,42,"[[234, 10], [6, 36]]","[[0.9590163934426229, 0.040983606557377046], [0.14285714285714285, 0.8571428571428571]]",0.9639929742388759,0.8364709684853061,0.0500869512710615,youden_j
rf_conduct_v2_externalizing_focus,dataset_conduct_clinical,0.396535,0.9440559440559441,0.90807962529274,0.782608695652174,0.8571428571428571,0.8571428571428571,0.9590163934426229,0.8181818181818182,244,42,"[[234, 10], [6, 36]]","[[0.9590163934426229, 0.040983606557377046], [0.14285714285714285, 0.8571428571428571]]",0.9639929742388759,0.8364709684853061,0.0500869512710615,best_f1
rf_conduct_v2_externalizing_focus,dataset_conduct_clinical,0.396535,0.9440559440559441,0.90807962529274,0.782608695652174,0.8571428571428571,0.8571428571428571,0.9590163934426229,0.8181818181818182,244,42,"[[234, 10], [6, 36]]","[[0.9590163934426229, 0.040983606557377046], [0.14285714285714285, 0.8571428571428571]]",0.9639929742388759,0.8364709684853061,0.0500869512710615,sensitivity_priority
rf_conduct_v2_externalizing_focus,dataset_conduct_clinical,0.5,0.9335664335664335,0.8625097580015613,0.7804878048780488,0.7619047619047619,0.7619047619047619,0.9631147540983607,0.7710843373493976,244,42,"[[235, 9], [10, 32]]","[[0.9631147540983607, 0.036885245901639344], [0.23809523809523808, 0.7619047619047619]]",0.9639929742388759,0.8364709684853061,0.0500869512710615,fixed_0_5
