domain,route,split,n_test,model_artifact,threshold_used,input_coverage_pct,missing_pct_structural,default_dependency_pct,direct_observed_missing_pct,precision,recall,specificity,balanced_accuracy,f1,roc_auc,pr_auc,brier_score,tp,tn,fp,fn,operational_confidence,notes
adhd,A_basic_direct,strict_full_test,286,calibrated.joblib,0.656281033406496,0.6571428571428571,0.34285714285714286,0.3974025974025974,0.08300395256916997,0.9155844155844156,0.8757763975155279,0.896,0.885888198757764,0.8952380952380953,0.9600993788819876,0.9710620825502101,0.08130333826277276,141,112,13,20,medium,Sin capa intermedia; faltantes cubiertos por defaults del runtime actual.
conduct,A_basic_direct,strict_full_test,286,calibrated.joblib,0.16550140320042186,0.9130434782608695,0.08695652173913049,0.11629674673152934,0.032134532134532136,0.984375,0.7875,0.9951456310679612,0.8913228155339805,0.875,0.9864684466019417,0.9662109355625405,0.11724060322569617,63,205,1,17,medium,Sin capa intermedia; faltantes cubiertos por defaults del runtime actual.
elimination,A_basic_direct,strict_full_test,286,calibrated.joblib,0.11516576454869411,0.9411764705882353,0.05882352941176472,0.08802961744138214,0.031031468531468532,0.826530612244898,0.5031055900621118,0.864,0.6835527950310558,0.6254826254826255,0.7699378881987577,0.8202702987402993,0.43467021055705785,81,108,17,80,medium,Sin capa intermedia; faltantes cubiertos por defaults del runtime actual.
anxiety,A_basic_direct,strict_full_test,286,calibrated.joblib,0.6642207436353612,0.1423076923076923,0.8576923076923078,0.869849381387843,0.08542808542808543,0.5038167938931297,1.0,0.7045454545454546,0.8522727272727273,0.6700507614213198,0.9746556473829202,0.9335768497163928,0.3062561921717594,66,155,65,0,low,Sin capa intermedia; faltantes cubiertos por defaults del runtime actual.
depression,A_basic_direct,strict_full_test,286,pipeline.joblib,0.5,0.9444444444444444,0.05555555555555558,0.11888111888111888,0.06705059646236117,0.95,0.33043478260869563,0.9883040935672515,0.6593694380879735,0.49032258064516127,0.8917365878464276,0.8731019113355531,0.1986690098302029,38,169,2,77,medium,Sin capa intermedia; faltantes cubiertos por defaults del runtime actual.
