domain,route,split,n_test,model_artifact,threshold_used,input_coverage_pct,missing_pct_structural,direct_fill_pct,derived_fill_pct,stat_imputed_fill_pct,remaining_unresolved_pct,precision,recall,specificity,balanced_accuracy,f1,roc_auc,pr_auc,brier_score,tp,tn,fp,fn,operational_confidence,notes
adhd,B_intermediate_mapping,strict_full_test,286,calibrated.joblib,0.656281033406496,0.6571428571428571,0.34285714285714286,0.6025974025974026,0.19230769230769232,0.2050949050949051,0.0,0.9271523178807947,0.8695652173913043,0.912,0.8907826086956522,0.8974358974358975,0.9637763975155279,0.9737913608757702,0.07587282941092909,140,114,11,21,medium,Capa intermedia: proxies + imputacion estadistica controlada.
conduct,B_intermediate_mapping,strict_full_test,286,calibrated.joblib,0.16550140320042186,0.9130434782608695,0.08695652173913049,0.8837032532684707,0.04287017330495591,0.07342657342657342,0.0,0.9705882352941176,0.825,0.9902912621359223,0.9076456310679611,0.8918918918918919,0.9850121359223301,0.9601707153074859,0.10707358367873913,66,204,2,14,medium,Capa intermedia: proxies + imputacion estadistica controlada.
elimination,B_intermediate_mapping,strict_full_test,286,calibrated.joblib,0.11516576454869411,0.9411764705882353,0.05882352941176472,0.9119703825586178,0.0,0.08802961744138214,0.0,0.8350515463917526,0.5031055900621118,0.872,0.6875527950310558,0.627906976744186,0.7763975155279503,0.8229743648091562,0.4341493138269307,81,109,16,80,medium,Capa intermedia: proxies + imputacion estadistica controlada.
anxiety,B_intermediate_mapping,strict_full_test,286,calibrated.joblib,0.6642207436353612,0.1423076923076923,0.8576923076923078,0.13015061861215707,0.1303926842388381,0.7394566971490049,0.0,1.0,0.6818181818181818,1.0,0.8409090909090908,0.8108108108108109,0.9751377410468319,0.9521181043305227,0.07787675110707319,45,220,0,21,medium,Capa intermedia: proxies + imputacion estadistica controlada.
depression,B_intermediate_mapping,strict_full_test,286,pipeline.joblib,0.5,0.9444444444444444,0.05555555555555558,0.8811188811188811,0.0,0.11888111888111888,0.0,0.9743589743589743,0.33043478260869563,0.9941520467836257,0.6622934146961607,0.4935064935064935,0.910653445207221,0.8847231173058677,0.20030228665901967,38,170,1,77,medium,Capa intermedia: proxies + imputacion estadistica controlada.
