route,domain,best_config,selected_seed,n_features,precision,recall,specificity,balanced_accuracy,f1,roc_auc,pr_auc,brier,seed_balanced_accuracy_std,seed_precision_std,seed_recall_std,split_balanced_accuracy,split_delta_balanced_accuracy,missing15_delta,missing30_delta,direct_fill_pct,derived_fill_pct,imputed_fill_pct,remaining_missing_pct
B,adhd,rf_stability,11,35,0.9393196219790414,0.8322981366459627,0.9306666666666668,0.8814824016563146,0.8825453640027033,0.9563561076604555,0.9686887740853548,0.08402787154795954,0.00202209503079131,0.00586074859105349,0.0050714073349548295,0.8810434782608696,0.00043892339544504555,0.01700207039337472,0.027635610766045593,0.6025974025974026,0.3016983016983017,0.09570429570429569,0.0
B,conduct,rf_compact,11,23,0.9372907153729072,0.8708333333333332,0.9773462783171522,0.9240898058252428,0.9028041324056505,0.9879652103559872,0.9726237570241004,0.04427293300640884,0.0018020925248686183,0.005596583351856992,0.005892556509887875,0.9215412621359224,0.0025485436893204483,0.012499999999999992,0.04097896440129448,0.8837032532684707,0.04287017330495591,0.07342657342657342,0.0
B,elimination,rf_stability,29,17,0.9249896981984209,0.6128364389233955,0.936,0.7744182194616976,0.7372079007372507,0.8825175983436854,0.9117996314625985,0.13608941590087473,0.003873351332064109,0.0008810682757429808,0.007746702664128218,0.7785590062111801,-0.0041407867494824835,0.05218219461697726,0.10496066252587992,0.9119703825586178,0.0,0.08802961744138214,0.0
B,anxiety,rf_compact,47,260,0.7932800497673914,0.9494949494949495,0.9257575757575758,0.9376262626262627,0.8643634423275425,0.9839302112029386,0.9656382061789971,0.03832297249687643,0.003174193204539533,0.0042223423097029955,0.00714249273925805,0.9333333333333333,0.004292929292929348,0.04292929292929293,0.12575757575757582,0.13015061861215707,0.1331091984938139,0.7367401828940291,0.0
B,depression,rf_stability,11,18,0.8463541666666666,0.9420289855072465,0.884990253411306,0.9135096194592762,0.8916323731138546,0.9781337401474701,0.9696179461398137,0.059521297786545156,0.003427960664791051,0.003682847818679935,0.004099169746008948,0.9110856852275617,0.0024239342317144974,0.008822781591660353,0.0033731672175608316,0.8811188811188811,0.0,0.1188811188811189,0.0
