{
  "forensic_inventory_rows": 10,
  "input_equivalence_mean_current": 0.9698174322732628,
  "input_equivalence_mean_fixed": 0.9835836277974086,
  "post_fix_results": [
    {
      "mode": "caregiver",
      "domain": "adhd",
      "pre_fix_precision": 0.9370629370629371,
      "post_fix_precision": 0.9370629370629371,
      "pre_fix_recall": 0.8322981366459627,
      "post_fix_recall": 0.8322981366459627,
      "pre_fix_specificity": 0.928,
      "post_fix_specificity": 0.928,
      "pre_fix_balanced_accuracy": 0.8801490683229813,
      "post_fix_balanced_accuracy": 0.8801490683229813,
      "pre_fix_f1": 0.881578947368421,
      "post_fix_f1": 0.881578947368421,
      "pre_fix_roc_auc": 0.9482236024844721,
      "post_fix_roc_auc": 0.9482236024844721,
      "pre_fix_pr_auc": 0.9492579851417824,
      "post_fix_pr_auc": 0.9492579851417824,
      "pre_fix_brier": 0.0850838599179277,
      "post_fix_brier": 0.0850838599179277,
      "delta_balanced_accuracy": 0.0,
      "delta_recall": 0.0,
      "delta_brier": 0.0
    },
    {
      "mode": "caregiver",
      "domain": "conduct",
      "pre_fix_precision": 0.9722222222222222,
      "post_fix_precision": 0.9722222222222222,
      "pre_fix_recall": 0.875,
      "post_fix_recall": 0.875,
      "pre_fix_specificity": 0.9902912621359223,
      "post_fix_specificity": 0.9902912621359223,
      "pre_fix_balanced_accuracy": 0.9326456310679612,
      "post_fix_balanced_accuracy": 0.9326456310679612,
      "pre_fix_f1": 0.9210526315789473,
      "post_fix_f1": 0.9210526315789473,
      "pre_fix_roc_auc": 0.9781856796116506,
      "post_fix_roc_auc": 0.9781856796116506,
      "pre_fix_pr_auc": 0.9506155220991502,
      "post_fix_pr_auc": 0.9506155220991502,
      "pre_fix_brier": 0.03887678094851874,
      "post_fix_brier": 0.03887678094851874,
      "delta_balanced_accuracy": 0.0,
      "delta_recall": 0.0,
      "delta_brier": 0.0
    },
    {
      "mode": "caregiver",
      "domain": "elimination",
      "pre_fix_precision": 0.9482758620689655,
      "post_fix_precision": 0.9482758620689655,
      "pre_fix_recall": 0.6832298136645962,
      "post_fix_recall": 0.6832298136645962,
      "pre_fix_specificity": 0.952,
      "post_fix_specificity": 0.952,
      "pre_fix_balanced_accuracy": 0.8176149068322981,
      "post_fix_balanced_accuracy": 0.8176149068322981,
      "pre_fix_f1": 0.7942238267148014,
      "post_fix_f1": 0.7942238267148014,
      "pre_fix_roc_auc": 0.876944099378882,
      "post_fix_roc_auc": 0.876944099378882,
      "pre_fix_pr_auc": 0.8924968973196012,
      "post_fix_pr_auc": 0.8924968973196012,
      "pre_fix_brier": 0.13260211050510406,
      "post_fix_brier": 0.13260211050510406,
      "delta_balanced_accuracy": 0.0,
      "delta_recall": 0.0,
      "delta_brier": 0.0
    },
    {
      "mode": "caregiver",
      "domain": "anxiety",
      "pre_fix_precision": 0.8666666666666667,
      "post_fix_precision": 0.8666666666666667,
      "pre_fix_recall": 0.9848484848484849,
      "post_fix_recall": 0.9848484848484849,
      "pre_fix_specificity": 0.9545454545454546,
      "post_fix_specificity": 0.9545454545454546,
      "pre_fix_balanced_accuracy": 0.9696969696969697,
      "post_fix_balanced_accuracy": 0.9696969696969697,
      "pre_fix_f1": 0.9219858156028369,
      "post_fix_f1": 0.9219858156028369,
      "pre_fix_roc_auc": 0.9890840220385675,
      "post_fix_roc_auc": 0.9890840220385675,
      "pre_fix_pr_auc": 0.9685576242660336,
      "post_fix_pr_auc": 0.9685576242660336,
      "pre_fix_brier": 0.02223672572380793,
      "post_fix_brier": 0.02223672572380793,
      "delta_balanced_accuracy": 0.0,
      "delta_recall": 0.0,
      "delta_brier": 0.0
    },
    {
      "mode": "caregiver",
      "domain": "depression",
      "pre_fix_precision": 0.8333333333333334,
      "post_fix_precision": 0.8587230387478526,
      "pre_fix_recall": 0.9565217391304348,
      "post_fix_recall": 0.9464882943143813,
      "pre_fix_specificity": 0.8713450292397661,
      "post_fix_specificity": 0.8951866846603688,
      "pre_fix_balanced_accuracy": 0.9139333841851005,
      "post_fix_balanced_accuracy": 0.920837489487375,
      "pre_fix_f1": 0.8906882591093117,
      "post_fix_f1": 0.9003474708196765,
      "pre_fix_roc_auc": 0.9782354436816679,
      "post_fix_roc_auc": 0.9793972109761584,
      "pre_fix_pr_auc": 0.9591369712178661,
      "post_fix_pr_auc": 0.9607701913017563,
      "pre_fix_brier": 0.05863779944317288,
      "post_fix_brier": 0.05787429266590875,
      "delta_balanced_accuracy": 0.006904105302274477,
      "delta_recall": -0.010033444816053505,
      "delta_brier": -0.0007635067772641252
    },
    {
      "mode": "psychologist",
      "domain": "adhd",
      "pre_fix_precision": 0.9568345323741008,
      "post_fix_precision": 0.9568345323741008,
      "pre_fix_recall": 0.8260869565217391,
      "post_fix_recall": 0.8260869565217391,
      "pre_fix_specificity": 0.952,
      "post_fix_specificity": 0.952,
      "pre_fix_balanced_accuracy": 0.8890434782608696,
      "post_fix_balanced_accuracy": 0.8890434782608696,
      "pre_fix_f1": 0.8866666666666667,
      "post_fix_f1": 0.8866666666666667,
      "pre_fix_roc_auc": 0.9531428571428572,
      "post_fix_roc_auc": 0.9531428571428572,
      "pre_fix_pr_auc": 0.9559246212452905,
      "post_fix_pr_auc": 0.9559246212452905,
      "pre_fix_brier": 0.08343369867599568,
      "post_fix_brier": 0.08343369867599568,
      "delta_balanced_accuracy": 0.0,
      "delta_recall": 0.0,
      "delta_brier": 0.0
    },
    {
      "mode": "psychologist",
      "domain": "conduct",
      "pre_fix_precision": 0.9722222222222222,
      "post_fix_precision": 0.9722222222222222,
      "pre_fix_recall": 0.875,
      "post_fix_recall": 0.875,
      "pre_fix_specificity": 0.9902912621359223,
      "post_fix_specificity": 0.9902912621359223,
      "pre_fix_balanced_accuracy": 0.9326456310679612,
      "post_fix_balanced_accuracy": 0.9326456310679612,
      "pre_fix_f1": 0.9210526315789473,
      "post_fix_f1": 0.9210526315789473,
      "pre_fix_roc_auc": 0.9756674757281554,
      "post_fix_roc_auc": 0.9756674757281554,
      "pre_fix_pr_auc": 0.938253816271466,
      "post_fix_pr_auc": 0.938253816271466,
      "pre_fix_brier": 0.03831887901677492,
      "post_fix_brier": 0.03831887901677492,
      "delta_balanced_accuracy": 0.0,
      "delta_recall": 0.0,
      "delta_brier": 0.0
    },
    {
      "mode": "psychologist",
      "domain": "elimination",
      "pre_fix_precision": 0.9416666666666667,
      "post_fix_precision": 0.9416666666666667,
      "pre_fix_recall": 0.7018633540372671,
      "post_fix_recall": 0.7018633540372671,
      "pre_fix_specificity": 0.944,
      "post_fix_specificity": 0.944,
      "pre_fix_balanced_accuracy": 0.8229316770186335,
      "post_fix_balanced_accuracy": 0.8229316770186335,
      "pre_fix_f1": 0.8042704626334519,
      "post_fix_f1": 0.8042704626334519,
      "pre_fix_roc_auc": 0.8799006211180124,
      "post_fix_roc_auc": 0.8799006211180124,
      "pre_fix_pr_auc": 0.8998706446315464,
      "post_fix_pr_auc": 0.8998706446315464,
      "pre_fix_brier": 0.1356692469342928,
      "post_fix_brier": 0.1356692469342928,
      "delta_balanced_accuracy": 0.0,
      "delta_recall": 0.0,
      "delta_brier": 0.0
    },
    {
      "mode": "psychologist",
      "domain": "anxiety",
      "pre_fix_precision": 0.9850746268656716,
      "post_fix_precision": 0.9850746268656716,
      "pre_fix_recall": 1.0,
      "post_fix_recall": 1.0,
      "pre_fix_specificity": 0.9954545454545455,
      "post_fix_specificity": 0.9954545454545455,
      "pre_fix_balanced_accuracy": 0.9977272727272728,
      "post_fix_balanced_accuracy": 0.9977272727272728,
      "pre_fix_f1": 0.9924812030075187,
      "post_fix_f1": 0.9924812030075187,
      "pre_fix_roc_auc": 1.0,
      "post_fix_roc_auc": 1.0,
      "pre_fix_pr_auc": 1.0,
      "post_fix_pr_auc": 1.0,
      "pre_fix_brier": 0.0022034291438283713,
      "post_fix_brier": 0.0022034291438283713,