dataset,version,threshold,accuracy,balanced_accuracy,precision,recall,sensitivity,specificity,f1,support_negative,support_positive,confusion_matrix,normalized_confusion_matrix,roc_auc,pr_auc,brier_score,method
dataset_conduct_minimal,research_extended,0.3107760743131274,0.9370629370629371,0.9236924277907885,0.7307692307692307,0.9047619047619048,0.9047619047619048,0.9426229508196722,0.8085106382978723,244,42,"[[230, 14], [4, 38]]","[[0.9426229508196722, 0.05737704918032787], [0.09523809523809523, 0.9047619047619048]]",0.9708235753317721,0.8527371390785079,0.04320951043248792,youden_j
dataset_conduct_minimal,research_extended,0.530266,0.9475524475524476,0.9101288056206089,0.8,0.8571428571428571,0.8571428571428571,0.9631147540983607,0.8275862068965517,244,42,"[[235, 9], [6, 36]]","[[0.9631147540983607, 0.036885245901639344], [0.14285714285714285, 0.8571428571428571]]",0.9708235753317721,0.8527371390785079,0.04320951043248792,sensitivity_priority
dataset_conduct_minimal,research_extended,0.5,0.9440559440559441,0.90807962529274,0.782608695652174,0.8571428571428571,0.8571428571428571,0.9590163934426229,0.8181818181818182,244,42,"[[234, 10], [6, 36]]","[[0.9590163934426229, 0.040983606557377046], [0.14285714285714285, 0.8571428571428571]]",0.9708235753317721,0.8527371390785079,0.04320951043248792,fixed_0_5
dataset_conduct_minimal,research_extended,0.560103,0.951048951048951,0.9023224043715847,0.8333333333333334,0.8333333333333334,0.8333333333333334,0.9713114754098361,0.8333333333333334,244,42,"[[237, 7], [7, 35]]","[[0.9713114754098361, 0.028688524590163935], [0.16666666666666666, 0.8333333333333334]]",0.9708235753317721,0.8527371390785079,0.04320951043248792,best_f1
