threshold,accuracy,balanced_accuracy,precision,recall,sensitivity,specificity,f1,support_negative,support_positive,confusion_matrix,normalized_confusion_matrix,roc_auc,pr_auc,brier_score,method
0.3107760743131274,0.9195804195804196,0.9035909445745511,0.6727272727272727,0.8809523809523809,0.8809523809523809,0.9262295081967213,0.7628865979381443,244,42,"[[226, 18], [5, 37]]","[[0.9262295081967213, 0.07377049180327869], [0.11904761904761904, 0.8809523809523809]]",0.9707259953161593,0.8833326710729552,0.04612315198119256,youden_j
0.530266,0.9300699300699301,0.8407494145199064,0.7894736842105263,0.7142857142857143,0.7142857142857143,0.9672131147540983,0.75,244,42,"[[236, 8], [12, 30]]","[[0.9672131147540983, 0.03278688524590164], [0.2857142857142857, 0.7142857142857143]]",0.9707259953161593,0.8833326710729552,0.04612315198119256,sensitivity_priority
0.5,0.9300699300699301,0.8407494145199064,0.7894736842105263,0.7142857142857143,0.7142857142857143,0.9672131147540983,0.75,244,42,"[[236, 8], [12, 30]]","[[0.9672131147540983, 0.03278688524590164], [0.2857142857142857, 0.7142857142857143]]",0.9707259953161593,0.8833326710729552,0.04612315198119256,fixed_0_5
0.560103,0.9300699300699301,0.8308938329430133,0.8055555555555556,0.6904761904761905,0.6904761904761905,0.9713114754098361,0.7435897435897436,244,42,"[[237, 7], [13, 29]]","[[0.9713114754098361, 0.028688524590163935], [0.30952380952380953, 0.6904761904761905]]",0.9707259953161593,0.8833326710729552,0.04612315198119256,best_f1
