route,domain,best_config,selected_seed,n_features,precision,recall,specificity,balanced_accuracy,f1,roc_auc,pr_auc,brier,seed_balanced_accuracy_std,seed_precision_std,seed_recall_std,split_balanced_accuracy,split_delta_balanced_accuracy,missing15_delta,missing30_delta,direct_fill_pct,derived_fill_pct,imputed_fill_pct,remaining_missing_pct
A,adhd,rf_compact,11,49,0.9258675001532145,0.8530020703933747,0.912,0.8825010351966874,0.8879268578953279,0.956952380952381,0.9687991525957029,0.08242304977709168,0.004386310992053679,0.0050994217139159175,0.005855956780012775,0.8805714285714286,0.0019296066252588728,-0.004737060041407837,0.0005797101449275625,1.0,0.0,0.0,0.10767803624946481
A,conduct,rf_stability,11,49,0.9251461988304094,0.875,0.9724919093851133,0.9237459546925567,0.8993658671078025,0.9884911003236246,0.9742816010138142,0.043841172678817875,0.0011441857300753192,0.005789178325503915,0.0,0.9229368932038835,0.0008090614886732128,0.00879854368932039,0.048847087378640776,1.0,0.0,0.0,0.10039960039960039
A,elimination,rf_compact,47,49,0.8610661112396821,0.7826086956521738,0.8373333333333334,0.8099710144927537,0.8199311265724928,0.8861946169772258,0.9143711194857523,0.1352106415323715,0.006319920456719048,0.005806868105371186,0.010142814669909614,0.815304347826087,-0.005333333333333301,-0.007262939958592137,0.0076687370600414155,1.0,0.0,0.0,0.10603682032253463
A,anxiety,rf_stability,47,49,0.7836996888487403,0.9696969696969697,0.9196969696969696,0.9446969696969697,0.8668260096831526,0.9938475665748392,0.9846325531720056,0.02851793327457555,0.0010713739108887284,0.004542289872120717,0.0,0.943939393939394,0.0007575757575757347,-0.0005050505050504898,0.002777777777777879,1.0,0.0,0.0,0.10396746111031825
A,depression,rf_stability,11,49,0.9602023407054854,0.9043478260869565,0.9746588693957116,0.939503347741334,0.9313552208881856,0.9906093736757352,0.9871322764419159,0.04143984461172343,0.000689891056020605,0.010692966725960013,0.007099970268936707,0.9404780066107297,-0.0009746588693956282,0.009221120433935118,0.04150351724722438,1.0,0.0,0.0,0.11417154274297131
