threshold,accuracy,balanced_accuracy,precision,recall,specificity,f1,roc_auc,pr_auc,brier_score,tn,fp,fn,tp,support_negative,support_positive,false_positive_rate,false_negative_rate
0.85,0.9825174825174825,0.9810281517747859,0.9823008849557522,0.9736842105263158,0.9883720930232558,0.9779735682819384,0.9937525499796002,0.9818053955840519,0.0148833351770799,170,2,3,111,172,114,0.011627906976744186,0.02631578947368421
