threshold,accuracy,balanced_accuracy,precision,recall,specificity,f1,roc_auc,pr_auc,brier_score,tn,fp,fn,tp,support_negative,support_positive,false_positive_rate,false_negative_rate
0.85,0.972027972027972,0.969488939740656,0.9734513274336283,0.9565217391304348,0.9824561403508771,0.9649122807017544,0.9905924230867024,0.9731342552346259,0.019600068148250716,168,3,5,110,171,115,0.017543859649122806,0.043478260869565216
