dataset,version,threshold,accuracy,balanced_accuracy,precision,recall,sensitivity,specificity,f1,support_negative,support_positive,confusion_matrix,normalized_confusion_matrix,roc_auc,pr_auc,brier_score,method
dataset_adhd_items,research_extended,0.5154194006441187,0.9230769230769231,0.9236273291925465,0.9426751592356688,0.9192546583850931,0.9192546583850931,0.928,0.9308176100628931,125,161,"[[116, 9], [13, 148]]","[[0.928, 0.072], [0.08074534161490683, 0.9192546583850931]]",0.9639751552795031,0.9703977470248007,0.06885844552770959,youden_j
dataset_adhd_items,research_extended,0.515419,0.9230769230769231,0.9236273291925465,0.9426751592356688,0.9192546583850931,0.9192546583850931,0.928,0.9308176100628931,125,161,"[[116, 9], [13, 148]]","[[0.928, 0.072], [0.08074534161490683, 0.9192546583850931]]",0.9639751552795031,0.9703977470248007,0.06885844552770959,best_f1
dataset_adhd_items,research_extended,0.5,0.9195804195804196,0.9196273291925465,0.9367088607594937,0.9192546583850931,0.9192546583850931,0.92,0.9278996865203761,125,161,"[[115, 10], [13, 148]]","[[0.92, 0.08], [0.08074534161490683, 0.9192546583850931]]",0.9639751552795031,0.9703977470248007,0.06885844552770959,fixed_0_5
dataset_adhd_items,research_extended,0.787985,0.9020979020979021,0.9076770186335403,0.9586206896551724,0.8633540372670807,0.8633540372670807,0.952,0.9084967320261438,125,161,"[[119, 6], [22, 139]]","[[0.952, 0.048], [0.13664596273291926, 0.8633540372670807]]",0.9639751552795031,0.9703977470248007,0.06885844552770959,sensitivity_priority
