threshold,accuracy,balanced_accuracy,precision,recall,sensitivity,specificity,f1,support_negative,support_positive,confusion_matrix,normalized_confusion_matrix,roc_auc,pr_auc,brier_score,method
0.5,0.8566433566433567,0.8550099206349207,0.8742138364779874,0.86875,0.86875,0.8412698412698413,0.8714733542319749,126,160,"[[106, 20], [21, 139]]","[[0.8412698412698413, 0.15873015873015872], [0.13125, 0.86875]]",0.9354166666666667,0.9504281342703729,0.10612174726796648,fixed_0_5
0.5154194006441187,0.8496503496503497,0.8487599206349206,0.8726114649681529,0.85625,0.85625,0.8412698412698413,0.8643533123028391,126,160,"[[106, 20], [23, 137]]","[[0.8412698412698413, 0.15873015873015872], [0.14375, 0.85625]]",0.9354166666666667,0.9504281342703729,0.10612174726796648,youden_j
0.515419,0.8496503496503497,0.8487599206349206,0.8726114649681529,0.85625,0.85625,0.8412698412698413,0.8643533123028391,126,160,"[[106, 20], [23, 137]]","[[0.8412698412698413, 0.15873015873015872], [0.14375, 0.85625]]",0.9354166666666667,0.9504281342703729,0.10612174726796648,best_f1
0.787985,0.8321678321678322,0.8415674603174603,0.9242424242424242,0.7625,0.7625,0.9206349206349206,0.8356164383561644,126,160,"[[116, 10], [38, 122]]","[[0.9206349206349206, 0.07936507936507936], [0.2375, 0.7625]]",0.9354166666666667,0.9504281342703729,0.10612174726796648,sensitivity_priority
