threshold,accuracy,balanced_accuracy,precision,recall,specificity,f1,roc_auc,pr_auc,brier_score,tn,fp,fn,tp,support_negative,support_positive,false_positive_rate,false_negative_rate
0.05,0.9895104895104895,0.9878787878787879,0.9701492537313433,0.9848484848484849,0.990909090909091,0.9774436090225563,0.9878787878787879,0.9589465261107053,0.01048951048951049,218,2,1,65,220,66,0.00909090909090909,0.015151515151515152
