threshold,accuracy,balanced_accuracy,precision,recall,sensitivity,specificity,f1,support_negative,support_positive,confusion_matrix,normalized_confusion_matrix,roc_auc,pr_auc,brier_score,group_name,group_value,source_column,n,status
0.06753265612787508,0.9272727272727272,0.96,0.5555555555555556,1.0,1.0,0.92,0.7142857142857143,100.0,10.0,"[[92, 8], [0, 10]]","[[0.92, 0.08], [0.0, 1.0]]",0.9720000000000001,0.7590616246498598,0.043765775562634154,age_group,6-8,age_years,110,ok
0.06753265612787508,0.7727272727272727,0.8064102564102564,0.3148148148148148,0.85,0.85,0.7628205128205128,0.4594594594594595,156.0,20.0,"[[119, 37], [3, 17]]","[[0.7628205128205128, 0.23717948717948717], [0.15, 0.85]]",0.926923076923077,0.6725357012476882,0.05888839001112664,age_group,9-11,age_years,176,ok
0.06753265612787508,0.8210526315789474,0.8666666666666667,0.4666666666666667,0.9333333333333333,0.9333333333333333,0.8,0.6222222222222222,80.0,15.0,"[[64, 16], [1, 14]]","[[0.8, 0.2], [0.06666666666666667, 0.9333333333333333]]",0.97,0.8522030378434553,0.060187337955702504,sex_assigned_at_birth,Female,sex_assigned_at_birth,95,ok
0.06753265612787508,0.837696335078534,0.8509469696969697,0.30952380952380953,0.8666666666666667,0.8666666666666667,0.8352272727272727,0.45614035087719296,176.0,15.0,"[[147, 29], [2, 13]]","[[0.8352272727272727, 0.16477272727272727], [0.13333333333333333, 0.8666666666666667]]",0.9268939393939393,0.6152683475662414,0.04953295731966653,sex_assigned_at_birth,Male,sex_assigned_at_birth,191,ok
,,,,,,,,,,,,,,,comorbidity_group,0,comorbidity_count_5targets,84,insufficient_support
0.06753265612787508,0.8175675675675675,0.7847222222222222,0.10344827586206896,0.75,0.75,0.8194444444444444,0.18181818181818182,144.0,4.0,"[[118, 26], [1, 3]]","[[0.8194444444444444, 0.18055555555555555], [0.25, 0.75]]",0.876736111111111,0.13563067367415194,0.035619350909523714,comorbidity_group,1-2,comorbidity_count_5targets,148,ok
0.06753265612787508,0.6111111111111112,0.6222527472527473,0.5581395348837209,0.9230769230769231,0.9230769230769231,0.32142857142857145,0.6956521739130435,28.0,26.0,"[[9, 19], [2, 24]]","[[0.32142857142857145, 0.6785714285714286], [0.07692307692307693, 0.9230769230769231]]",0.8447802197802199,0.8270146844034193,0.18308228049067687,comorbidity_group,3+,comorbidity_count_5targets,54,ok
