dataset,version,threshold,accuracy,balanced_accuracy,precision,recall,sensitivity,specificity,f1,support_negative,support_positive,confusion_matrix,normalized_confusion_matrix,roc_auc,pr_auc,brier_score,method
dataset_depression_items,research_extended,0.06753265612787508,0.8461538461538461,0.8993489583333334,0.4027777777777778,0.9666666666666667,0.9666666666666667,0.83203125,0.5686274509803921,256,30,"[[213, 43], [1, 29]]","[[0.83203125, 0.16796875], [0.03333333333333333, 0.9666666666666667]]",0.9546875,0.7244755090064279,0.05113940165225068,youden_j
dataset_depression_items,research_extended,0.171898,0.8951048951048951,0.8825520833333333,0.5,0.8666666666666667,0.8666666666666667,0.8984375,0.6341463414634146,256,30,"[[230, 26], [4, 26]]","[[0.8984375, 0.1015625], [0.13333333333333333, 0.8666666666666667]]",0.9546875,0.7244755090064279,0.05113940165225068,sensitivity_priority
dataset_depression_items,research_extended,0.334648,0.9300699300699301,0.8138020833333333,0.6666666666666666,0.6666666666666666,0.6666666666666666,0.9609375,0.6666666666666666,256,30,"[[246, 10], [10, 20]]","[[0.9609375, 0.0390625], [0.3333333333333333, 0.6666666666666666]]",0.9546875,0.7244755090064279,0.05113940165225068,best_f1
dataset_depression_items,research_extended,0.5,0.9300699300699301,0.7108072916666667,0.8125,0.43333333333333335,0.43333333333333335,0.98828125,0.5652173913043478,256,30,"[[253, 3], [17, 13]]","[[0.98828125, 0.01171875], [0.5666666666666667, 0.43333333333333335]]",0.9546875,0.7244755090064279,0.05113940165225068,fixed_0_5
