threshold,accuracy,balanced_accuracy,precision,recall,sensitivity,specificity,f1,support_negative,support_positive,confusion_matrix,normalized_confusion_matrix,roc_auc,pr_auc,brier_score,method
0.171898,0.8951048951048951,0.8678385416666667,0.5,0.8333333333333334,0.8333333333333334,0.90234375,0.625,256,30,"[[231, 25], [5, 25]]","[[0.90234375, 0.09765625], [0.16666666666666666, 0.8333333333333334]]",0.9453125,0.6905849878101544,0.05307199983862953,sensitivity_priority
0.06753265612787508,0.8321678321678322,0.862109375,0.375,0.9,0.9,0.82421875,0.5294117647058824,256,30,"[[211, 45], [3, 27]]","[[0.82421875, 0.17578125], [0.1, 0.9]]",0.9453125,0.6905849878101544,0.05307199983862953,youden_j
0.334648,0.9230769230769231,0.8098958333333333,0.625,0.6666666666666666,0.6666666666666666,0.953125,0.6451612903225806,256,30,"[[244, 12], [10, 20]]","[[0.953125, 0.046875], [0.3333333333333333, 0.6666666666666666]]",0.9453125,0.6905849878101544,0.05307199983862953,best_f1
0.5,0.9195804195804196,0.7196614583333334,0.6666666666666666,0.4666666666666667,0.4666666666666667,0.97265625,0.5490196078431373,256,30,"[[249, 7], [16, 14]]","[[0.97265625, 0.02734375], [0.5333333333333333, 0.4666666666666667]]",0.9453125,0.6905849878101544,0.05307199983862953,fixed_0_5
