{
  "model_version": "rf_depression_v4_precision_thresholded",
  "parent_version": "rf_depression_v1_baseline",
  "task_type": "binary",
  "status": "completed",
  "dataset_name": "dataset_depression_parent",
  "dataset_variant": "parent",
  "data_scope": "strict_no_leakage",
  "split_version": "splits_strict_no_leakage_frozen_v1",
  "preprocessing_version": "rf_preproc_v1",
  "seed": 42,
  "target": "target_depression",
  "n_features_raw": 21,
  "n_features_final": 18,
  "train_rows": 1333,
  "val_rows": 286,
  "test_rows": 286,
  "threshold_strategy": "precision_constrained",
  "threshold_value": 0.346398,
  "recall_floor": 0.78,
  "balanced_accuracy_tolerance": 0.03,
  "calibration_strategy": "none",
  "validation_metrics": {
    "threshold": 0.346398,
    "accuracy": 0.8986013986013986,
    "balanced_accuracy": 0.8845052083333333,
    "precision": 0.5098039215686274,
    "recall": 0.8666666666666667,
    "sensitivity": 0.8666666666666667,
    "specificity": 0.90234375,
    "f1": 0.6419753086419753,
    "support_negative": 256,
    "support_positive": 30,
    "confusion_matrix": [
      [
        231,
        25
      ],
      [
        4,
        26
      ]
    ],
    "normalized_confusion_matrix": [
      [
        0.90234375,
        0.09765625
      ],
      [
        0.13333333333333333,
        0.8666666666666667
      ]
    ],
    "roc_auc": 0.9358072916666667,
    "pr_auc": 0.6420300501165539,
    "brier_score": 0.06276735595898023,
    "fpr": 0.09765625,
    "fnr": 0.1333333333333333,
    "prevalence": 0.1048951048951049,
    "precision_lift_vs_baseline": 0.05217680292455962,
    "recall_delta_vs_baseline": -0.033333333333333326,
    "balanced_accuracy_delta_vs_baseline": -0.0029947916666666075
  },
  "test_metrics": {
    "threshold": 0.346398,
    "accuracy": 0.8741258741258742,
    "balanced_accuracy": 0.885546875,
    "precision": 0.45,
    "recall": 0.9,
    "sensitivity": 0.9,
    "specificity": 0.87109375,
    "f1": 0.6,
    "support_negative": 256,
    "support_positive": 30,
    "confusion_matrix": [
      [
        223,
        33
      ],
      [
        3,
        27
      ]
    ],
    "normalized_confusion_matrix": [
      [
        0.87109375,
        0.12890625
      ],
      [
        0.1,
        0.9
      ]
    ],
    "roc_auc": 0.925,
    "pr_auc": 0.5623974855209091,
    "brier_score": 0.07266627394147937,
    "fpr": 0.12890625,
    "fnr": 0.09999999999999998,
    "prevalence": 0.1048951048951049,
    "precision_lift_vs_baseline": NaN,
    "recall_delta_vs_baseline": 0.0,
    "balanced_accuracy_delta_vs_baseline": 0.005859375
  },
  "abstention_validation": {
    "low_threshold": 0.346398,
    "high_threshold": 0.9263157894736842,
    "coverage": 0.8321678321678322,
    "uncertain_rate": 0.16783216783216784,
    "precision_high": 1.0,
    "npv_low": 0.9829787234042553,
    "recall_effective": 0.1,
    "specificity_effective": 0.90234375,
    "selection_reason": "target_precision_with_coverage",
    "target_high_precision": 0.7,
    "min_confident_coverage": 0.1
  },
  "abstention_test": {
    "coverage": 0.7937062937062938,
    "uncertain_rate": 0.2062937062937063,
    "precision_high": 1.0,
    "npv_low": 0.9867256637168141,
    "recall_effective": 0.03333333333333333,
    "specificity_effective": 0.87109375,
    "confident_positive_n": 1,
    "confident_negative_n": 226,
    "uncertain_n": 59
  },
  "notes": "Precision-focused threshold optimization on depression parent set.",
  "experimental": false,
  "created_at": "2026-03-25T20:26:34.966873+00:00"
}