dataset,version,threshold,accuracy,balanced_accuracy,precision,recall,sensitivity,specificity,f1,support_negative,support_positive,confusion_matrix,normalized_confusion_matrix,roc_auc,pr_auc,brier_score,method
dataset_conduct_minimal,strict_no_leakage,0.16550140320042186,0.8986013986013986,0.9011514441842311,0.6031746031746031,0.9047619047619048,0.9047619047619048,0.8975409836065574,0.7238095238095238,244,42,"[[219, 25], [4, 38]]","[[0.8975409836065574, 0.10245901639344263], [0.09523809523809523, 0.9047619047619048]]",0.9641881342701015,0.8577776060318898,0.049721796705553635,youden_j
dataset_conduct_minimal,strict_no_leakage,0.315884,0.9265734265734266,0.8978337236533958,0.7058823529411765,0.8571428571428571,0.8571428571428571,0.9385245901639344,0.7741935483870968,244,42,"[[229, 15], [6, 36]]","[[0.9385245901639344, 0.06147540983606557], [0.14285714285714285, 0.8571428571428571]]",0.9641881342701015,0.8577776060318898,0.049721796705553635,sensitivity_priority
dataset_conduct_minimal,strict_no_leakage,0.5,0.9440559440559441,0.8883684621389539,0.8095238095238095,0.8095238095238095,0.8095238095238095,0.9672131147540983,0.8095238095238095,244,42,"[[236, 8], [8, 34]]","[[0.9672131147540983, 0.03278688524590164], [0.19047619047619047, 0.8095238095238095]]",0.9641881342701015,0.8577776060318898,0.049721796705553635,fixed_0_5
dataset_conduct_minimal,strict_no_leakage,0.528847,0.9440559440559441,0.8883684621389539,0.8095238095238095,0.8095238095238095,0.8095238095238095,0.9672131147540983,0.8095238095238095,244,42,"[[236, 8], [8, 34]]","[[0.9672131147540983, 0.03278688524590164], [0.19047619047619047, 0.8095238095238095]]",0.9641881342701015,0.8577776060318898,0.049721796705553635,best_f1
