threshold,accuracy,balanced_accuracy,precision,recall,sensitivity,specificity,f1,support_negative,support_positive,confusion_matrix,normalized_confusion_matrix,roc_auc,pr_auc,brier_score,method
0.16550140320042186,0.8741258741258742,0.8868071818891491,0.5428571428571428,0.9047619047619048,0.9047619047619048,0.8688524590163934,0.6785714285714286,244,42,"[[212, 32], [4, 38]]","[[0.8688524590163934, 0.13114754098360656], [0.09523809523809523, 0.9047619047619048]]",0.9520882123341139,0.7363226858783782,0.06122947550016151,youden_j
0.315884,0.8986013986013986,0.8518735362997658,0.6226415094339622,0.7857142857142857,0.7857142857142857,0.9180327868852459,0.6947368421052632,244,42,"[[224, 20], [9, 33]]","[[0.9180327868852459, 0.08196721311475409], [0.21428571428571427, 0.7857142857142857]]",0.9520882123341139,0.7363226858783782,0.06122947550016151,sensitivity_priority
0.528847,0.916083916083916,0.8128415300546448,0.7368421052631579,0.6666666666666666,0.6666666666666666,0.9590163934426229,0.7,244,42,"[[234, 10], [14, 28]]","[[0.9590163934426229, 0.040983606557377046], [0.3333333333333333, 0.6666666666666666]]",0.9520882123341139,0.7363226858783782,0.06122947550016151,best_f1
0.5,0.9020979020979021,0.8046448087431695,0.6666666666666666,0.6666666666666666,0.6666666666666666,0.9426229508196722,0.6666666666666666,244,42,"[[230, 14], [14, 28]]","[[0.9426229508196722, 0.05737704918032787], [0.3333333333333333, 0.6666666666666666]]",0.9520882123341139,0.7363226858783782,0.06122947550016151,fixed_0_5
