dataset,version,threshold,accuracy,balanced_accuracy,precision,recall,sensitivity,specificity,f1,support_negative,support_positive,confusion_matrix,normalized_confusion_matrix,roc_auc,pr_auc,brier_score,method
dataset_anxiety_combined,research_extended,0.31576909163199035,0.9090909090909091,0.9120993788819876,0.8666666666666667,0.936,0.936,0.8881987577639752,0.9,161,125,"[[143, 18], [8, 117]]","[[0.8881987577639752, 0.11180124223602485], [0.064, 0.936]]",0.9603478260869565,0.952824267176577,0.08008665555228696,youden_j
dataset_anxiety_combined,research_extended,0.315769,0.9090909090909091,0.9120993788819876,0.8666666666666667,0.936,0.936,0.8881987577639752,0.9,161,125,"[[143, 18], [8, 117]]","[[0.8881987577639752, 0.11180124223602485], [0.064, 0.936]]",0.9603478260869565,0.952824267176577,0.08008665555228696,best_f1
dataset_anxiety_combined,research_extended,0.534702,0.8916083916083916,0.8876273291925465,0.8916666666666667,0.856,0.856,0.9192546583850931,0.8734693877551021,161,125,"[[148, 13], [18, 107]]","[[0.9192546583850931, 0.08074534161490683], [0.144, 0.856]]",0.9603478260869565,0.952824267176577,0.08008665555228696,sensitivity_priority
dataset_anxiety_combined,research_extended,0.5,0.8881118881118881,0.8845217391304347,0.8842975206611571,0.856,0.856,0.9130434782608695,0.8699186991869918,161,125,"[[147, 14], [18, 107]]","[[0.9130434782608695, 0.08695652173913043], [0.144, 0.856]]",0.9603478260869565,0.952824267176577,0.08008665555228696,fixed_0_5
