threshold,accuracy,balanced_accuracy,precision,recall,sensitivity,specificity,f1,support_negative,support_positive,confusion_matrix,normalized_confusion_matrix,roc_auc,pr_auc,brier_score,method
0.31576909163199035,0.8951048951048951,0.8986607142857144,0.8478260869565217,0.9285714285714286,0.9285714285714286,0.86875,0.8863636363636364,160,126,"[[139, 21], [9, 117]]","[[0.86875, 0.13125], [0.07142857142857142, 0.9285714285714286]]",0.9630952380952381,0.9526284287671681,0.08065129330363302,youden_j
0.315769,0.8951048951048951,0.8986607142857144,0.8478260869565217,0.9285714285714286,0.9285714285714286,0.86875,0.8863636363636364,160,126,"[[139, 21], [9, 117]]","[[0.86875, 0.13125], [0.07142857142857142, 0.9285714285714286]]",0.9630952380952381,0.9526284287671681,0.08065129330363302,best_f1
0.5,0.8881118881118881,0.8873511904761905,0.8671875,0.8809523809523809,0.8809523809523809,0.89375,0.8740157480314961,160,126,"[[143, 17], [15, 111]]","[[0.89375, 0.10625], [0.11904761904761904, 0.8809523809523809]]",0.9630952380952381,0.9526284287671681,0.08065129330363302,fixed_0_5
0.534702,0.8881118881118881,0.8856646825396826,0.8790322580645161,0.8650793650793651,0.8650793650793651,0.90625,0.872,160,126,"[[145, 15], [17, 109]]","[[0.90625, 0.09375], [0.1349206349206349, 0.8650793650793651]]",0.9630952380952381,0.9526284287671681,0.08065129330363302,sensitivity_priority
