threshold,accuracy,balanced_accuracy,precision,recall,sensitivity,specificity,f1,support_negative,support_positive,confusion_matrix,normalized_confusion_matrix,roc_auc,pr_auc,brier_score,method
0.090768,0.5769230769230769,0.7090336134453781,0.20408163265306123,0.8823529411764706,0.8823529411764706,0.5357142857142857,0.3314917127071823,252,34,"[[135, 117], [4, 30]]","[[0.5357142857142857, 0.4642857142857143], [0.11764705882352941, 0.8823529411764706]]",0.7820961718020542,0.2820716216115569,0.09705829968660297,sensitivity_priority
0.128931,0.7692307692307693,0.7036647992530345,0.28378378378378377,0.6176470588235294,0.6176470588235294,0.7896825396825397,0.3888888888888889,252,34,"[[199, 53], [13, 21]]","[[0.7896825396825397, 0.21031746031746032], [0.38235294117647056, 0.6176470588235294]]",0.7820961718020542,0.2820716216115569,0.09705829968660297,best_f1
0.12930911268536993,0.7622377622377622,0.6742530345471522,0.2638888888888889,0.5588235294117647,0.5588235294117647,0.7896825396825397,0.3584905660377358,252,34,"[[199, 53], [15, 19]]","[[0.7896825396825397, 0.21031746031746032], [0.4411764705882353, 0.5588235294117647]]",0.7820961718020542,0.2820716216115569,0.09705829968660297,youden_j
0.5,0.8776223776223776,0.5234593837535014,0.4,0.058823529411764705,0.058823529411764705,0.9880952380952381,0.10256410256410256,252,34,"[[249, 3], [32, 2]]","[[0.9880952380952381, 0.011904761904761904], [0.9411764705882353, 0.058823529411764705]]",0.7820961718020542,0.2820716216115569,0.09705829968660297,fixed_0_5
