dataset,version,threshold,accuracy,balanced_accuracy,precision,recall,sensitivity,specificity,f1,support_negative,support_positive,confusion_matrix,normalized_confusion_matrix,roc_auc,pr_auc,brier_score,method
dataset_elimination_items,research_extended,0.12930911268536993,0.7937062937062938,0.755718954248366,0.3287671232876712,0.7058823529411765,0.7058823529411765,0.8055555555555556,0.4485981308411215,252,34,"[[203, 49], [10, 24]]","[[0.8055555555555556, 0.19444444444444445], [0.29411764705882354, 0.7058823529411765]]",0.7900326797385621,0.3276549242265636,0.0941988050860211,youden_j
dataset_elimination_items,research_extended,0.128931,0.7937062937062938,0.755718954248366,0.3287671232876712,0.7058823529411765,0.7058823529411765,0.8055555555555556,0.4485981308411215,252,34,"[[203, 49], [10, 24]]","[[0.8055555555555556, 0.19444444444444445], [0.29411764705882354, 0.7058823529411765]]",0.7900326797385621,0.3276549242265636,0.0941988050860211,best_f1
dataset_elimination_items,research_extended,0.090768,0.5769230769230769,0.6963118580765639,0.2,0.8529411764705882,0.8529411764705882,0.5396825396825397,0.3240223463687151,252,34,"[[136, 116], [5, 29]]","[[0.5396825396825397, 0.4603174603174603], [0.14705882352941177, 0.8529411764705882]]",0.7900326797385621,0.3276549242265636,0.0941988050860211,sensitivity_priority
dataset_elimination_items,research_extended,0.5,0.8811188811188811,0.5127217553688141,0.5,0.029411764705882353,0.029411764705882353,0.996031746031746,0.05555555555555555,252,34,"[[251, 1], [33, 1]]","[[0.996031746031746, 0.003968253968253968], [0.9705882352941176, 0.029411764705882353]]",0.7900326797385621,0.3276549242265636,0.0941988050860211,fixed_0_5
