route,domain,best_config,selected_seed,n_features,precision,recall,specificity,balanced_accuracy,f1,roc_auc,pr_auc,brier,seed_balanced_accuracy_std,seed_precision_std,seed_recall_std,split_balanced_accuracy,split_delta_balanced_accuracy,missing15_delta,missing30_delta,direct_fill_pct,derived_fill_pct,imputed_fill_pct,remaining_missing_pct
C,adhd,rf_stability,11,224,0.9398564905414221,0.8405797101449276,0.9306666666666668,0.8856231884057971,0.8873642328683613,0.9590890269151139,0.96986924200803,0.08040105738681967,0.00543432789185188,0.0021217816004293036,0.014639891950032067,0.8894658385093168,-0.003842650103519696,0.010650103519668774,0.010053830227743274,1.0,0.0,0.0,0.04367507492507492
C,conduct,rf_compact,47,224,0.9461865636256839,0.8541666666666666,0.9805825242718447,0.9173745954692557,0.8971663257377543,0.9882281553398059,0.97279210366914,0.04738304102122775,0.005393852817118167,0.027887704145784547,0.021245914639969964,0.9038228155339806,0.013551779935275121,0.007524271844660165,0.03681229773462783,1.0,0.0,0.0,0.03602647352647353
C,elimination,rf_stability,11,224,0.9175761821808175,0.9213250517598343,0.8933333333333334,0.9073291925465838,0.9194330820569774,0.9595859213250516,0.971421875358912,0.07782234241399594,0.005458266918320333,0.007118657343327791,0.0029279783900064134,0.9107329192546584,-0.0034037267080745393,0.021987577639751527,0.033797101449275314,1.0,0.0,0.0,0.04108391608391609
C,anxiety,rf_stability,29,224,0.8292053663570691,0.9191919191919191,0.9424242424242424,0.9308080808080806,0.8712774157382103,0.9846877869605142,0.9586023607813238,0.0409902153210018,0.003928371006591917,0.03758101055841812,0.00714249273925805,0.928030303030303,0.002777777777777657,0.010101010101010019,0.062373737373737304,1.0,0.0,0.0,0.03504308191808191
C,depression,rf_stability,11,224,0.9441152135393569,0.9159420289855073,0.9629629629629629,0.9394524959742351,0.9294484937299464,0.9869310958555809,0.9805027877921849,0.04748919597029028,0.0013438621120348735,0.020724046580481346,0.016396678984035896,0.9447495550470378,-0.005297059072802757,0.036681074667344715,0.1250105941181456,1.0,0.0,0.0,0.05188561438561439
