mode,trial_id,coverage,precision,effective_recall,uncertain_pct,low_threshold,high_threshold
binary_default,V4_T03_target_high_confidence,1.0,0.9741379310344828,0.7018633540372671,0.0,,
abstention_assisted,V4_T03_target_high_confidence,0.9230769230769231,0.9230769230769231,0.8198757763975155,0.07692307692307693,0.45000000000000007,0.7000000000000002
