model_version,dataset_name,threshold,accuracy,balanced_accuracy,precision,recall,sensitivity,specificity,f1,support_negative,support_positive,confusion_matrix,normalized_confusion_matrix,roc_auc,pr_auc,brier_score,method
rf_elimination_v3_proxy_pruned,dataset_elimination_items,0.11294129622203519,0.6398601398601399,0.6429738562091503,0.19469026548672566,0.6470588235294118,0.6470588235294118,0.6388888888888888,0.29931972789115646,252,34,"[[161, 91], [12, 22]]","[[0.6388888888888888, 0.3611111111111111], [0.35294117647058826, 0.6470588235294118]]",0.6189309056956116,0.23712548640119843,0.1015670418939692,youden_j
rf_elimination_v3_proxy_pruned,dataset_elimination_items,0.144653,0.8006993006993007,0.6197478991596639,0.2653061224489796,0.38235294117647056,0.38235294117647056,0.8571428571428571,0.3132530120481928,252,34,"[[216, 36], [21, 13]]","[[0.8571428571428571, 0.14285714285714285], [0.6176470588235294, 0.38235294117647056]]",0.6189309056956116,0.23712548640119843,0.1015670418939692,best_f1
rf_elimination_v3_proxy_pruned,dataset_elimination_items,0.5,0.8811188811188811,0.5,0.0,0.0,0.0,1.0,0.0,252,34,"[[252, 0], [34, 0]]","[[1.0, 0.0], [1.0, 0.0]]",0.6189309056956116,0.23712548640119843,0.1015670418939692,fixed_0_5
rf_elimination_v3_proxy_pruned,dataset_elimination_items,0.085341,0.19230769230769232,0.47805788982259567,0.11372549019607843,0.8529411764705882,0.8529411764705882,0.10317460317460317,0.20069204152249134,252,34,"[[26, 226], [5, 29]]","[[0.10317460317460317, 0.8968253968253969], [0.14705882352941177, 0.8529411764705882]]",0.6189309056956116,0.23712548640119843,0.1015670418939692,sensitivity_priority
