threshold,accuracy,balanced_accuracy,precision,recall,sensitivity,specificity,f1,support_negative,support_positive,confusion_matrix,normalized_confusion_matrix,roc_auc,pr_auc,brier_score,method
0.10033791235771218,0.8566433566433567,0.87578125,0.4153846153846154,0.9,0.9,0.8515625,0.5684210526315789,256,30,"[[218, 38], [3, 27]]","[[0.8515625, 0.1484375], [0.1, 0.9]]",0.9300781250000001,0.576209992776318,0.06181406405910282,youden_j
0.138908,0.8811188811188811,0.8747395833333333,0.4642857142857143,0.8666666666666667,0.8666666666666667,0.8828125,0.6046511627906976,256,30,"[[226, 30], [4, 26]]","[[0.8828125, 0.1171875], [0.13333333333333333, 0.8666666666666667]]",0.9300781250000001,0.576209992776318,0.06181406405910282,sensitivity_priority
0.265823,0.8951048951048951,0.7942708333333333,0.5,0.6666666666666666,0.6666666666666666,0.921875,0.5714285714285714,256,30,"[[236, 20], [10, 20]]","[[0.921875, 0.078125], [0.3333333333333333, 0.6666666666666666]]",0.9300781250000001,0.576209992776318,0.06181406405910282,best_f1
0.5,0.9020979020979021,0.6510416666666666,0.5555555555555556,0.3333333333333333,0.3333333333333333,0.96875,0.4166666666666667,256,30,"[[248, 8], [20, 10]]","[[0.96875, 0.03125], [0.6666666666666666, 0.3333333333333333]]",0.9300781250000001,0.576209992776318,0.06181406405910282,fixed_0_5
