dataset,version,threshold,accuracy,balanced_accuracy,precision,recall,sensitivity,specificity,f1,support_negative,support_positive,confusion_matrix,normalized_confusion_matrix,roc_auc,pr_auc,brier_score,method
dataset_depression_combined,strict_no_leakage,0.10033791235771218,0.8706293706293706,0.8983072916666667,0.4444444444444444,0.9333333333333333,0.9333333333333333,0.86328125,0.6021505376344086,256,30,"[[221, 35], [2, 28]]","[[0.86328125, 0.13671875], [0.06666666666666667, 0.9333333333333333]]",0.9434895833333333,0.6284313811149231,0.05829748477535703,youden_j
dataset_depression_combined,strict_no_leakage,0.138908,0.8846153846153846,0.8766927083333333,0.4727272727272727,0.8666666666666667,0.8666666666666667,0.88671875,0.611764705882353,256,30,"[[227, 29], [4, 26]]","[[0.88671875, 0.11328125], [0.13333333333333333, 0.8666666666666667]]",0.9434895833333333,0.6284313811149231,0.05829748477535703,sensitivity_priority
dataset_depression_combined,strict_no_leakage,0.265823,0.9125874125874126,0.81875,0.5675675675675675,0.7,0.7,0.9375,0.6268656716417911,256,30,"[[240, 16], [9, 21]]","[[0.9375, 0.0625], [0.3, 0.7]]",0.9434895833333333,0.6284313811149231,0.05829748477535703,best_f1
dataset_depression_combined,strict_no_leakage,0.5,0.9125874125874126,0.6421875,0.6923076923076923,0.3,0.3,0.984375,0.4186046511627907,256,30,"[[252, 4], [21, 9]]","[[0.984375, 0.015625], [0.7, 0.3]]",0.9434895833333333,0.6284313811149231,0.05829748477535703,fixed_0_5
