{
  "non_equivalent_inputs_remaining_v7": 16,
  "non_equivalent_inputs_v8_full_fixed": 16,
  "equivalence_pre": {
    "caregiver": 0.9707961309523809,
    "psychologist": 0.9835836277974088
  },
  "equivalence_post": {
    "psychologist": 1.0,
    "caregiver": 1.0
  },
  "post_fix_results": [
    {
      "mode": "caregiver",
      "domain": "adhd",
      "pre_fix_precision": 0.9370629370629372,
      "post_fix_precision": 0.9370629370629372,
      "pre_fix_recall": 0.8322981366459627,
      "post_fix_recall": 0.8322981366459627,
      "pre_fix_specificity": 0.928,
      "post_fix_specificity": 0.928,
      "pre_fix_balanced_accuracy": 0.8801490683229813,
      "post_fix_balanced_accuracy": 0.8801490683229813,
      "pre_fix_f1": 0.881578947368421,
      "post_fix_f1": 0.881578947368421,
      "pre_fix_roc_auc": 0.948223602484472,
      "post_fix_roc_auc": 0.948223602484472,
      "pre_fix_pr_auc": 0.9492579851417824,
      "post_fix_pr_auc": 0.9492579851417824,
      "pre_fix_brier": 0.0850838599179277,
      "post_fix_brier": 0.0850838599179277,
      "delta_balanced_accuracy": 0.0,
      "delta_recall": 0.0,
      "delta_brier": 0.0
    },
    {
      "mode": "caregiver",
      "domain": "conduct",
      "pre_fix_precision": 0.9722222222222222,
      "post_fix_precision": 0.9722222222222222,
      "pre_fix_recall": 0.875,
      "post_fix_recall": 0.875,
      "pre_fix_specificity": 0.9902912621359224,
      "post_fix_specificity": 0.9902912621359224,
      "pre_fix_balanced_accuracy": 0.9326456310679612,
      "post_fix_balanced_accuracy": 0.9326456310679612,
      "pre_fix_f1": 0.9210526315789472,
      "post_fix_f1": 0.9210526315789472,
      "pre_fix_roc_auc": 0.9781856796116506,
      "post_fix_roc_auc": 0.9781856796116506,
      "pre_fix_pr_auc": 0.9506155220991502,
      "post_fix_pr_auc": 0.9506155220991502,
      "pre_fix_brier": 0.0388767809485187,
      "post_fix_brier": 0.0388767809485187,
      "delta_balanced_accuracy": 0.0,
      "delta_recall": 0.0,
      "delta_brier": 0.0
    },
    {
      "mode": "caregiver",
      "domain": "elimination",
      "pre_fix_precision": 0.9482758620689656,
      "post_fix_precision": 0.9416666666666668,
      "pre_fix_recall": 0.6832298136645962,
      "post_fix_recall": 0.7018633540372671,
      "pre_fix_specificity": 0.952,
      "post_fix_specificity": 0.944,
      "pre_fix_balanced_accuracy": 0.8176149068322981,
      "post_fix_balanced_accuracy": 0.8229316770186335,
      "pre_fix_f1": 0.7942238267148014,
      "post_fix_f1": 0.8042704626334519,
      "pre_fix_roc_auc": 0.876944099378882,
      "post_fix_roc_auc": 0.8799006211180124,
      "pre_fix_pr_auc": 0.8924968973196012,
      "post_fix_pr_auc": 0.8998706446315464,
      "pre_fix_brier": 0.132602110505104,
      "post_fix_brier": 0.1356692469342928,
      "delta_balanced_accuracy": 0.005316770186335362,
      "delta_recall": 0.018633540372670843,
      "delta_brier": 0.0030671364291887937
    },
    {
      "mode": "caregiver",
      "domain": "anxiety",
      "pre_fix_precision": 0.8666666666666667,
      "post_fix_precision": 0.8666666666666667,
      "pre_fix_recall": 0.9848484848484848,
      "post_fix_recall": 0.9848484848484848,
      "pre_fix_specificity": 0.9545454545454546,
      "post_fix_specificity": 0.9545454545454546,
      "pre_fix_balanced_accuracy": 0.9696969696969696,
      "post_fix_balanced_accuracy": 0.9696969696969696,
      "pre_fix_f1": 0.9219858156028368,
      "post_fix_f1": 0.9219858156028368,
      "pre_fix_roc_auc": 0.9890840220385676,
      "post_fix_roc_auc": 0.9890840220385676,
      "pre_fix_pr_auc": 0.9685576242660336,
      "post_fix_pr_auc": 0.9685576242660336,
      "pre_fix_brier": 0.0222367257238079,
      "post_fix_brier": 0.0222367257238079,
      "delta_balanced_accuracy": 0.0,
      "delta_recall": 0.0,
      "delta_brier": 0.0
    },
    {
      "mode": "caregiver",
      "domain": "depression",
      "pre_fix_precision": 0.8587230387478526,
      "post_fix_precision": 0.8538461538461538,
      "pre_fix_recall": 0.9464882943143812,
      "post_fix_recall": 0.9652173913043478,
      "pre_fix_specificity": 0.8951866846603688,
      "post_fix_specificity": 0.8888888888888888,
      "pre_fix_balanced_accuracy": 0.920837489487375,
      "post_fix_balanced_accuracy": 0.9270531400966184,
      "pre_fix_f1": 0.9003474708196765,
      "post_fix_f1": 0.9061224489795918,
      "pre_fix_roc_auc": 0.9793972109761584,
      "post_fix_roc_auc": 0.9807526061530638,
      "pre_fix_pr_auc": 0.9607701913017564,
      "post_fix_pr_auc": 0.9626756147329618,
      "pre_fix_brier": 0.0578742926659087,
      "post_fix_brier": 0.0569835347591006,
      "delta_balanced_accuracy": 0.0062156506092434505,
      "delta_recall": 0.01872909698996661,
      "delta_brier": -0.0008907579068080998
    },
    {
      "mode": "psychologist",
      "domain": "adhd",
      "pre_fix_precision": 0.9568345323741008,
      "post_fix_precision": 0.9568345323741008,
      "pre_fix_recall": 0.8260869565217391,
      "post_fix_recall": 0.8260869565217391,
      "pre_fix_specificity": 0.952,
      "post_fix_specificity": 0.952,
      "pre_fix_balanced_accuracy": 0.8890434782608696,
      "post_fix_balanced_accuracy": 0.8890434782608696,
      "pre_fix_f1": 0.8866666666666667,
      "post_fix_f1": 0.8866666666666667,
      "pre_fix_roc_auc": 0.9531428571428572,
      "post_fix_roc_auc": 0.9531428571428572,
      "pre_fix_pr_auc": 0.9559246212452904,
      "post_fix_pr_auc": 0.9559246212452904,
      "pre_fix_brier": 0.0834336986759956,
      "post_fix_brier": 0.0834336986759956,
      "delta_balanced_accuracy": 0.0,
      "delta_recall": 0.0,
      "delta_brier": 0.0
    },
    {
      "mode": "psychologist",
      "domain": "conduct",
      "pre_fix_precision": 0.9722222222222222,
      "post_fix_precision": 0.9722222222222222,
      "pre_fix_recall": 0.875,
      "post_fix_recall": 0.875,
      "pre_fix_specificity": 0.9902912621359224,
      "post_fix_specificity": 0.9902912621359224,
      "pre_fix_balanced_accuracy": 0.9326456310679612,
      "post_fix_balanced_accuracy": 0.9326456310679612,
      "pre_fix_f1": 0.9210526315789472,
      "post_fix_f1": 0.9210526315789472,
      "pre_fix_roc_auc": 0.9756674757281554,
      "post_fix_roc_auc": 0.9756674757281554,
      "pre_fix_pr_auc": 0.938253816271466,
      "post_fix_pr_auc": 0.938253816271466,
      "pre_fix_brier": 0.0383188790167749,
      "post_fix_brier": 0.0383188790167749,
      "delta_balanced_accuracy": 0.0,
      "delta_recall": 0.0,
      "delta_brier": 0.0
    },
    {
      "mode": "psychologist",
      "domain": "elimination",
      "pre_fix_precision": 0.9416666666666668,
      "post_fix_precision": 0.9416666666666668,
      "pre_fix_recall": 0.7018633540372671,
      "post_fix_recall": 0.7018633540372671,
      "pre_fix_specificity": 0.944,
      "post_fix_specificity": 0.944,
      "pre_fix_balanced_accuracy": 0.8229316770186335,
      "post_fix_balanced_accuracy": 0.8229316770186335,
      "pre_fix_f1": 0.8042704626334519,
      "post_fix_f1": 0.8042704626334519,
      "pre_fix_roc_auc": 0.8799006211180124,
      "post_fix_roc_auc": 0.8799006211180124,
      "pre_fix_pr_auc": 0.8998706446315464,
      "post_fix_pr_auc": 0.8998706446315464,
      "pre_fix_brier": 0.1356692469342928,
      "post_fix_brier": 0.1356692469342928,
      "delta_balanced_accuracy": 0.0,
      "delta_recall": 0.0,
      "delta_brier": 0.0
    },
    {
      "mode": "psychologist",
      "domain": "anxiety",
      "pre_fix_precision": 0.9850746268656716,
      "post_fix_precision": 0.9850746268656716,
      "pre_fix_recall": 1.0,
      "post_fix_recall": 1.0,
      "pre_fix_specificity": 0.9954545454545456,
      "post_fix_specificity": 0.9954545454545456,
      "pre_fix_balanced_accuracy": 0.9977272727272728,
      "post_fix_balanced_accuracy": 0.9977272727272728,
      "pre_fix_f1": 0.9924812030075189,
      "post_fix_f1": 0.9924812030075189,
      "pre_fix_roc_auc": 1.0,