domain,mode,feature_set_id,model_family,config,calibration,threshold_policy,threshold,n_features,precision,recall,specificity,balanced_accuracy,f1,roc_auc,pr_auc,brier,overfit_gap_train_val_ba,abstain_band,abstain_coverage,abstain_precision,abstain_recall,abstain_balanced_accuracy,abstain_pr_auc,quality_label
depression,caregiver_full,full_eligible,catboost,"{""depth"": 6, ""iterations"": 200, ""learning_rate"": 0.05, ""loss_function"": ""Logloss"", ""random_seed"": 0, ""verbose"": false}",none,default_0_5,0.5,127,0.8409090909090909,0.9487179487179487,0.9651741293532339,0.9569460390355913,0.891566265060241,0.9909108304630694,0.9434742112852106,0.029366639325419396,0.03372262136967774,0.1,0.9875,0.8588235294117647,0.9605263157894737,0.9651877810103147,0.9468660057721707,bueno
elimination,psychologist_1_3,boosted_eng_full,extra_trees,"{""bootstrap"": false, ""class_weight"": ""balanced"", ""max_depth"": null, ""max_features"": ""sqrt"", ""min_samples_leaf"": 1, ""min_samples_split"": 2, ""n_estimators"": 400, ""n_jobs"": -1, ""random_state"": 20270413}",none,balanced,0.42999999999999994,78,0.9019607843137255,0.9019607843137255,0.9883449883449883,0.9451528863293569,0.9019607843137255,0.9965720553955849,0.9724347146967125,0.021044283854166665,0.002873563218390829,0.1,0.9583333333333334,0.9696969696969697,0.8648648648648649,0.9312503993355057,0.980868571464095,muy_bueno
adhd,psychologist_2_3,boosted_eng_full,hgb,"{""l2_regularization"": 0.1, ""learning_rate"": 0.05, ""max_depth"": 6, ""max_iter"": 250, ""random_state"": 20270413}",none,balanced,0.12,120,0.6538461538461539,0.9770114942528736,0.8854961832061069,0.9312538387294902,0.783410138248848,0.9596092538972244,0.7665965794170599,0.06955003993297652,0.02066634082763119,0.1,0.975,0.6694915254237288,0.9753086419753086,0.9372667240884296,0.7740548899264785,malo
anxiety,caregiver_1_3,boosted_eng_full,extra_trees,"{""bootstrap"": false, ""class_weight"": ""balanced"", ""max_depth"": null, ""max_features"": ""sqrt"", ""min_samples_leaf"": 1, ""min_samples_split"": 2, ""n_estimators"": 400, ""n_jobs"": -1, ""random_state"": 20270413}",none,balanced,0.22999999999999998,67,0.7669902912621359,0.8977272727272727,0.9387755102040817,0.9182513914656771,0.8272251308900523,0.9630102040816327,0.907412487436496,0.0491651171875,0.06041856232939036,0.1,0.9520833333333333,0.8,0.8767123287671232,0.9175228310502284,0.9177897543263583,malo
