pipeline_type,trial_id,precision,recall,specificity,balanced_accuracy,f1,pr_auc,noise_moderate_drop_balacc,realism_worst_drop_balacc,interpretation
single_stage,V5_T07_compact_best_combined,0.9375,0.9316770186335404,0.92,0.9258385093167703,0.9345794392523364,0.9792190233908951,0.005316770186335473,0.012844720496894446,reference_single_stage
two_stage,V5_T08_two_stage_filter,0.9869281045751634,0.937888198757764,0.984,0.960944099378882,0.9617834394904459,0.9852955997287363,0.03195031055900621,0.023055900621118064,rf_plus_transparent_specificity_filter
delta_two_minus_single,V5_T08-V5_T07,0.049428104575163445,0.006211180124223614,0.06399999999999995,0.03510559006211178,0.027204000238109427,0.0060765763378412,0.02663354037267074,0.010211180124223618,positive_delta_specificity_with_limited_recall_loss_is_desired
