dataset,version,threshold,accuracy,balanced_accuracy,precision,recall,sensitivity,specificity,f1,support_negative,support_positive,confusion_matrix,normalized_confusion_matrix,roc_auc,pr_auc,brier_score,method
dataset_elimination_core,strict_no_leakage,0.11516576454869411,0.6363636363636364,0.6409897292250233,0.19298245614035087,0.6470588235294118,0.6470588235294118,0.6349206349206349,0.2972972972972973,252,34,"[[160, 92], [12, 22]]","[[0.6349206349206349, 0.36507936507936506], [0.35294117647058826, 0.6470588235294118]]",0.6260504201680672,0.21240934104641143,0.10232703375874423,youden_j
dataset_elimination_core,strict_no_leakage,0.115037,0.6363636363636364,0.6409897292250233,0.19298245614035087,0.6470588235294118,0.6470588235294118,0.6349206349206349,0.2972972972972973,252,34,"[[160, 92], [12, 22]]","[[0.6349206349206349, 0.36507936507936506], [0.35294117647058826, 0.6470588235294118]]",0.6260504201680672,0.21240934104641143,0.10232703375874423,best_f1
dataset_elimination_core,strict_no_leakage,0.088097,0.28321678321678323,0.5296451914098973,0.12663755458515283,0.8529411764705882,0.8529411764705882,0.20634920634920634,0.22053231939163498,252,34,"[[52, 200], [5, 29]]","[[0.20634920634920634, 0.7936507936507936], [0.14705882352941177, 0.8529411764705882]]",0.6260504201680672,0.21240934104641143,0.10232703375874423,sensitivity_priority
dataset_elimination_core,strict_no_leakage,0.5,0.8811188811188811,0.5,0.0,0.0,0.0,1.0,0.0,252,34,"[[252, 0], [34, 0]]","[[1.0, 0.0], [1.0, 0.0]]",0.6260504201680672,0.21240934104641143,0.10232703375874423,fixed_0_5
