threshold,accuracy,balanced_accuracy,precision,recall,sensitivity,specificity,f1,support_negative,support_positive,confusion_matrix,normalized_confusion_matrix,roc_auc,pr_auc,brier_score,method
0.11516576454869411,0.6503496503496503,0.699813258636788,0.22033898305084745,0.7647058823529411,0.7647058823529411,0.6349206349206349,0.34210526315789475,252,34,"[[160, 92], [8, 26]]","[[0.6349206349206349, 0.36507936507936506], [0.23529411764705882, 0.7647058823529411]]",0.717436974789916,0.23536478010520942,0.10101400764872075,youden_j
0.115037,0.6503496503496503,0.699813258636788,0.22033898305084745,0.7647058823529411,0.7647058823529411,0.6349206349206349,0.34210526315789475,252,34,"[[160, 92], [8, 26]]","[[0.6349206349206349, 0.36507936507936506], [0.23529411764705882, 0.7647058823529411]]",0.717436974789916,0.23536478010520942,0.10101400764872075,best_f1
0.088097,0.33916083916083917,0.5868347338935574,0.14285714285714285,0.9117647058823529,0.9117647058823529,0.2619047619047619,0.24701195219123506,252,34,"[[66, 186], [3, 31]]","[[0.2619047619047619, 0.7380952380952381], [0.08823529411764706, 0.9117647058823529]]",0.717436974789916,0.23536478010520942,0.10101400764872075,sensitivity_priority
0.5,0.8811188811188811,0.5,0.0,0.0,0.0,1.0,0.0,252,34,"[[252, 0], [34, 0]]","[[1.0, 0.0], [1.0, 0.0]]",0.717436974789916,0.23536478010520942,0.10101400764872075,fixed_0_5
