model_version,dataset_name,threshold,accuracy,balanced_accuracy,precision,recall,sensitivity,specificity,f1,support_negative,support_positive,confusion_matrix,normalized_confusion_matrix,roc_auc,pr_auc,brier_score,method
rf_depression_v2_feature_pruned,dataset_depression_parent,0.13001429503648002,0.8741258741258742,0.885546875,0.45,0.9,0.9,0.87109375,0.6,256,30,"[[223, 33], [3, 27]]","[[0.87109375, 0.12890625], [0.1, 0.9]]",0.9397135416666667,0.6186359734490556,0.05888866173321762,youden_j
rf_depression_v2_feature_pruned,dataset_depression_parent,0.130014,0.8741258741258742,0.885546875,0.45,0.9,0.9,0.87109375,0.6,256,30,"[[223, 33], [3, 27]]","[[0.87109375, 0.12890625], [0.1, 0.9]]",0.9397135416666667,0.6186359734490556,0.05888866173321762,sensitivity_priority
rf_depression_v2_feature_pruned,dataset_depression_parent,0.258083,0.9125874125874126,0.81875,0.5675675675675675,0.7,0.7,0.9375,0.6268656716417911,256,30,"[[240, 16], [9, 21]]","[[0.9375, 0.0625], [0.3, 0.7]]",0.9397135416666667,0.6186359734490556,0.05888866173321762,best_f1
rf_depression_v2_feature_pruned,dataset_depression_parent,0.5,0.9125874125874126,0.6569010416666666,0.6666666666666666,0.3333333333333333,0.3333333333333333,0.98046875,0.4444444444444444,256,30,"[[251, 5], [20, 10]]","[[0.98046875, 0.01953125], [0.6666666666666666, 0.3333333333333333]]",0.9397135416666667,0.6186359734490556,0.05888866173321762,fixed_0_5
