threshold,accuracy,balanced_accuracy,precision,recall,sensitivity,specificity,f1,support_negative,support_positive,confusion_matrix,normalized_confusion_matrix,roc_auc,pr_auc,brier_score,target
0.5,0.916083916083916,0.8256097560975609,0.7,0.7,0.7,0.9512195121951219,0.7,246,40,"[[234, 12], [12, 28]]","[[0.9512195121951219, 0.04878048780487805], [0.3, 0.7]]",0.9528455284552845,0.7908138274827782,0.05962225882805834,target_conduct
0.5,0.8881118881118881,0.8898628237508047,0.9205298013245033,0.8742138364779874,0.8742138364779874,0.905511811023622,0.896774193548387,127,159,"[[115, 12], [20, 139]]","[[0.905511811023622, 0.09448818897637795], [0.12578616352201258, 0.8742138364779874]]",0.9579062051205863,0.9682939666983769,0.08236507243529312,target_adhd
0.5,0.8846153846153846,0.5,0.0,0.0,0.0,1.0,0.0,253,33,"[[253, 0], [33, 0]]","[[1.0, 0.0], [1.0, 0.0]]",0.7333812432626662,0.30096944089147093,0.09352776278015028,target_elimination
0.5,0.8706293706293706,0.8672049689440994,0.860655737704918,0.84,0.84,0.8944099378881988,0.8502024291497976,161,125,"[[144, 17], [20, 105]]","[[0.8944099378881988, 0.10559006211180125], [0.16, 0.84]]",0.9513540372670808,0.9477631411274815,0.08835666828460906,target_anxiety
0.5,0.9405594405594405,0.7313802083333334,0.9333333333333333,0.4666666666666667,0.4666666666666667,0.99609375,0.6222222222222222,256,30,"[[255, 1], [16, 14]]","[[0.99609375, 0.00390625], [0.5333333333333333, 0.4666666666666667]]",0.9481770833333334,0.7741306200523894,0.051882735446371724,target_depression
