threshold,accuracy,balanced_accuracy,precision,recall,specificity,f1,roc_auc,pr_auc,brier_score,tn,fp,fn,tp,support_negative,support_positive,false_positive_rate,false_negative_rate
0.75,0.986013986013986,0.9866832298136645,0.9937106918238994,0.9813664596273292,0.992,0.9875,0.9923229813664596,0.9904855436091798,0.012544074104724988,124,1,3,158,125,161,0.008,0.018633540372670808
