dataset,version,threshold,accuracy,balanced_accuracy,precision,recall,sensitivity,specificity,f1,support_negative,support_positive,confusion_matrix,normalized_confusion_matrix,roc_auc,pr_auc,brier_score,method
dataset_adhd_minimal,strict_no_leakage,0.5998871827155784,0.8986013986013986,0.9000993788819875,0.9285714285714286,0.8881987577639752,0.8881987577639752,0.912,0.9079365079365079,125,161,"[[114, 11], [18, 143]]","[[0.912, 0.088], [0.11180124223602485, 0.8881987577639752]]",0.955776397515528,0.9628489049687945,0.08075985941920669,youden_j
dataset_adhd_minimal,strict_no_leakage,0.5,0.8951048951048951,0.8943105590062113,0.9119496855345912,0.9006211180124224,0.9006211180124224,0.888,0.90625,125,161,"[[111, 14], [16, 145]]","[[0.888, 0.112], [0.09937888198757763, 0.9006211180124224]]",0.955776397515528,0.9628489049687945,0.08075985941920669,fixed_0_5
dataset_adhd_minimal,strict_no_leakage,0.664014,0.8881118881118881,0.8925714285714286,0.9387755102040817,0.8571428571428571,0.8571428571428571,0.928,0.8961038961038961,125,161,"[[116, 9], [23, 138]]","[[0.928, 0.072], [0.14285714285714285, 0.8571428571428571]]",0.955776397515528,0.9628489049687945,0.08075985941920669,sensitivity_priority
dataset_adhd_minimal,strict_no_leakage,0.301252,0.8951048951048951,0.8898385093167702,0.8875739644970414,0.9316770186335404,0.9316770186335404,0.848,0.9090909090909091,125,161,"[[106, 19], [11, 150]]","[[0.848, 0.152], [0.06832298136645963, 0.9316770186335404]]",0.955776397515528,0.9628489049687945,0.08075985941920669,best_f1
