threshold,accuracy,balanced_accuracy,precision,recall,sensitivity,specificity,f1,support_negative,support_positive,confusion_matrix,normalized_confusion_matrix,roc_auc,pr_auc,brier_score,method
0.301252,0.8496503496503497,0.8428571428571429,0.8421052631578947,0.9,0.9,0.7857142857142857,0.8700906344410876,126,160,"[[99, 27], [16, 144]]","[[0.7857142857142857, 0.21428571428571427], [0.1, 0.9]]",0.9221726190476192,0.9410197959829265,0.11760440328041641,best_f1
0.5,0.8426573426573427,0.8425099206349207,0.8709677419354839,0.84375,0.84375,0.8412698412698413,0.8571428571428571,126,160,"[[106, 20], [25, 135]]","[[0.8412698412698413, 0.15873015873015872], [0.15625, 0.84375]]",0.9221726190476192,0.9410197959829265,0.11760440328041641,fixed_0_5
0.5998871827155784,0.8356643356643356,0.8371031746031745,0.8741721854304636,0.825,0.825,0.8492063492063492,0.8488745980707395,126,160,"[[107, 19], [28, 132]]","[[0.8492063492063492, 0.15079365079365079], [0.175, 0.825]]",0.9221726190476192,0.9410197959829265,0.11760440328041641,youden_j
0.664014,0.8286713286713286,0.8333829365079365,0.8881118881118881,0.79375,0.79375,0.873015873015873,0.8382838283828383,126,160,"[[110, 16], [33, 127]]","[[0.873015873015873, 0.12698412698412698], [0.20625, 0.79375]]",0.9221726190476192,0.9410197959829265,0.11760440328041641,sensitivity_priority
