{
  "model_version": "rf_elimination_v5_precision_missingness",
  "parent_version": "rf_elimination_v1_baseline",
  "task_type": "binary",
  "status": "completed",
  "dataset_name": "dataset_elimination_core",
  "dataset_variant": "core",
  "data_scope": "strict_no_leakage",
  "split_version": "splits_strict_no_leakage_frozen_v1",
  "preprocessing_version": "rf_preproc_v1",
  "seed": 42,
  "target": "target_elimination",
  "n_features_raw": 17,
  "n_features_final": 22,
  "train_rows": 1333,
  "val_rows": 286,
  "test_rows": 286,
  "threshold_strategy": "precision_constrained",
  "threshold_value": 0.124502,
  "recall_floor": 0.5,
  "balanced_accuracy_tolerance": 0.05,
  "calibration_strategy": "sigmoid",
  "validation_metrics": {
    "threshold": 0.124502,
    "accuracy": 0.6783216783216783,
    "balanced_accuracy": 0.6266339869281046,
    "precision": 0.19791666666666666,
    "recall": 0.5588235294117647,
    "sensitivity": 0.5588235294117647,
    "specificity": 0.6944444444444444,
    "f1": 0.2923076923076923,
    "support_negative": 252,
    "support_positive": 34,
    "confusion_matrix": [
      [
        175,
        77
      ],
      [
        15,
        19
      ]
    ],
    "normalized_confusion_matrix": [
      [
        0.6944444444444444,
        0.3055555555555556
      ],
      [
        0.4411764705882353,
        0.5588235294117647
      ]
    ],
    "roc_auc": 0.6338702147525677,
    "pr_auc": 0.21938240070211756,
    "brier_score": 0.10198058638794386,
    "fpr": 0.3055555555555556,
    "fnr": 0.4411764705882353,
    "prevalence": 0.11888111888111888,
    "precision_lift_vs_baseline": 0.004934210526315791,
    "recall_delta_vs_baseline": -0.08823529411764708,
    "balanced_accuracy_delta_vs_baseline": -0.014355742296918717
  },
  "test_metrics": {
    "threshold": 0.124502,
    "accuracy": 0.6958041958041958,
    "balanced_accuracy": 0.6238328664799253,
    "precision": 0.20224719101123595,
    "recall": 0.5294117647058824,
    "sensitivity": 0.5294117647058824,
    "specificity": 0.7182539682539683,
    "f1": 0.2926829268292683,
    "support_negative": 252,
    "support_positive": 34,
    "confusion_matrix": [
      [
        181,
        71
      ],
      [
        16,
        18
      ]
    ],
    "normalized_confusion_matrix": [
      [
        0.7182539682539683,
        0.28174603174603174
      ],
      [
        0.47058823529411764,
        0.5294117647058824
      ]
    ],
    "roc_auc": 0.7105508870214753,
    "pr_auc": 0.24416137088073053,
    "brier_score": 0.10071456746977792,
    "fpr": 0.28174603174603174,
    "fnr": 0.47058823529411764,
    "prevalence": 0.11888111888111888,
    "precision_lift_vs_baseline": NaN,
    "recall_delta_vs_baseline": -0.23529411764705876,
    "balanced_accuracy_delta_vs_baseline": -0.0759803921568627
  },
  "abstention_validation": {
    "low_threshold": 0.124502,
    "high_threshold": 0.5,
    "coverage": 0.6643356643356644,
    "uncertain_rate": 0.3356643356643357,
    "precision_high": NaN,
    "npv_low": 0.9210526315789473,
    "recall_effective": 0.0,
    "specificity_effective": 0.6944444444444444,
    "selection_reason": "fallback_max_precision",
    "target_high_precision": 0.7,
    "min_confident_coverage": 0.1
  },
  "abstention_test": {
    "coverage": 0.6888111888111889,
    "uncertain_rate": 0.3111888111888112,
    "precision_high": NaN,
    "npv_low": 0.9187817258883249,
    "recall_effective": 0.0,
    "specificity_effective": 0.7182539682539683,
    "confident_positive_n": 0,
    "confident_negative_n": 197,
    "uncertain_n": 89
  },
  "notes": "Elimination core with missingness flags and precision-constrained threshold.",
  "experimental": false,
  "created_at": "2026-03-25T20:28:16.895732+00:00"
}