threshold,accuracy,balanced_accuracy,precision,recall,sensitivity,specificity,f1,support_negative,support_positive,confusion_matrix,normalized_confusion_matrix,roc_auc,pr_auc,brier_score,method
0.422458,0.8741258741258742,0.8731646825396826,0.8515625,0.8650793650793651,0.8650793650793651,0.88125,0.8582677165354331,160,126,"[[141, 19], [17, 109]]","[[0.88125, 0.11875], [0.1349206349206349, 0.8650793650793651]]",0.9434027777777778,0.9310055866546915,0.098046979718159,sensitivity_priority
0.5,0.8636363636363636,0.8595734126984127,0.859504132231405,0.8253968253968254,0.8253968253968254,0.89375,0.8421052631578947,160,126,"[[143, 17], [22, 104]]","[[0.89375, 0.10625], [0.1746031746031746, 0.8253968253968254]]",0.9434027777777778,0.9310055866546915,0.098046979718159,fixed_0_5
0.2446,0.8356643356643356,0.8446924603174604,0.7581699346405228,0.9206349206349206,0.9206349206349206,0.76875,0.8315412186379928,160,126,"[[123, 37], [10, 116]]","[[0.76875, 0.23125], [0.07936507936507936, 0.9206349206349206]]",0.9434027777777778,0.9310055866546915,0.098046979718159,best_f1
0.5946210961981091,0.8461538461538461,0.8380456349206349,0.8660714285714286,0.7698412698412699,0.7698412698412699,0.90625,0.8151260504201681,160,126,"[[145, 15], [29, 97]]","[[0.90625, 0.09375], [0.23015873015873015, 0.7698412698412699]]",0.9434027777777778,0.9310055866546915,0.098046979718159,youden_j
