dataset,version,threshold,accuracy,balanced_accuracy,precision,recall,sensitivity,specificity,f1,support_negative,support_positive,confusion_matrix,normalized_confusion_matrix,roc_auc,pr_auc,brier_score,method
dataset_anxiety_parent,strict_no_leakage,0.5946210961981091,0.8741258741258742,0.8676273291925465,0.8869565217391304,0.816,0.816,0.9192546583850931,0.85,161,125,"[[148, 13], [23, 102]]","[[0.9192546583850931, 0.08074534161490683], [0.184, 0.816]]",0.9346086956521737,0.9149225577948507,0.09868378617018148,youden_j
dataset_anxiety_parent,strict_no_leakage,0.2446,0.8601398601398601,0.866832298136646,0.7931034482758621,0.92,0.92,0.8136645962732919,0.8518518518518519,161,125,"[[131, 30], [10, 115]]","[[0.8136645962732919, 0.18633540372670807], [0.08, 0.92]]",0.9346086956521737,0.9149225577948507,0.09868378617018148,best_f1
dataset_anxiety_parent,strict_no_leakage,0.422458,0.8531468531468531,0.8534658385093168,0.816793893129771,0.856,0.856,0.8509316770186336,0.8359375,161,125,"[[137, 24], [18, 107]]","[[0.8509316770186336, 0.14906832298136646], [0.144, 0.856]]",0.9346086956521737,0.9149225577948507,0.09868378617018148,sensitivity_priority
dataset_anxiety_parent,strict_no_leakage,0.5,0.8531468531468531,0.8516770186335403,0.8267716535433071,0.84,0.84,0.8633540372670807,0.8333333333333334,161,125,"[[139, 22], [20, 105]]","[[0.8633540372670807, 0.13664596273291926], [0.16, 0.84]]",0.9346086956521737,0.9149225577948507,0.09868378617018148,fixed_0_5
