{
  "domain": "anxiety",
  "base_model_id": "domain_anxiety_strict_full",
  "candidate_id": "anxiety_anti_overfit_v1_c3",
  "params": {
    "n_estimators": 180,
    "max_depth": 6,
    "min_samples_split": 20,
    "min_samples_leaf": 8,
    "max_features": 0.5,
    "class_weight": "balanced_subsample"
  },
  "threshold_recommended": 0.75,
  "metrics_val": {
    "accuracy": 0.986013986013986,
    "balanced_accuracy": 0.9750000000000001,
    "precision": 0.984375,
    "recall": 0.9545454545454546,
    "specificity": 0.9954545454545455,
    "f1": 0.9692307692307692,
    "roc_auc": 0.9991735537190083,
    "pr_auc": 0.9973585816416697,
    "brier_score": 0.013310685793253913,
    "tn": 219,
    "fp": 1,
    "fn": 3,
    "tp": 63
  },
  "metrics_test": {
    "accuracy": 0.993006993006993,
    "balanced_accuracy": 0.9901515151515152,
    "precision": 0.9848484848484849,
    "recall": 0.9848484848484849,
    "specificity": 0.9954545454545455,
    "f1": 0.9848484848484849,
    "roc_auc": 0.9986914600550965,
    "pr_auc": 0.9961641942626178,
    "brier_score": 0.01621253511326603,
    "tn": 219,
    "fp": 1,
    "fn": 1,
    "tp": 65
  },
  "created_at_utc": "2026-03-28T02:13:04.750195+00:00"
}