dataset,version,threshold,accuracy,balanced_accuracy,precision,recall,sensitivity,specificity,f1,support_negative,support_positive,confusion_matrix,normalized_confusion_matrix,roc_auc,pr_auc,brier_score,method
dataset_conduct_items,research_extended,0.11202908091529806,0.8846153846153846,0.9126658860265418,0.5633802816901409,0.9523809523809523,0.9523809523809523,0.8729508196721312,0.7079646017699115,244,42,"[[213, 31], [2, 40]]","[[0.8729508196721312, 0.12704918032786885], [0.047619047619047616, 0.9523809523809523]]",0.9665300546448087,0.8527812214487411,0.04899805521401368,youden_j
dataset_conduct_items,research_extended,0.384902,0.9370629370629371,0.9039812646370022,0.75,0.8571428571428571,0.8571428571428571,0.9508196721311475,0.8,244,42,"[[232, 12], [6, 36]]","[[0.9508196721311475, 0.04918032786885246], [0.14285714285714285, 0.8571428571428571]]",0.9665300546448087,0.8527812214487411,0.04899805521401368,sensitivity_priority
dataset_conduct_items,research_extended,0.435789,0.9405594405594405,0.8961748633879781,0.7777777777777778,0.8333333333333334,0.8333333333333334,0.9590163934426229,0.8045977011494253,244,42,"[[234, 10], [7, 35]]","[[0.9590163934426229, 0.040983606557377046], [0.16666666666666666, 0.8333333333333334]]",0.9665300546448087,0.8527812214487411,0.04899805521401368,best_f1
dataset_conduct_items,research_extended,0.5,0.9370629370629371,0.8842701014832162,0.7727272727272727,0.8095238095238095,0.8095238095238095,0.9590163934426229,0.7906976744186046,244,42,"[[234, 10], [8, 34]]","[[0.9590163934426229, 0.040983606557377046], [0.19047619047619047, 0.8095238095238095]]",0.9665300546448087,0.8527812214487411,0.04899805521401368,fixed_0_5
