threshold,accuracy,balanced_accuracy,precision,recall,sensitivity,specificity,f1,support_negative,support_positive,confusion_matrix,normalized_confusion_matrix,roc_auc,pr_auc,brier_score,method
0.11202908091529806,0.8636363636363636,0.9102263856362217,0.5189873417721519,0.9761904761904762,0.9761904761904762,0.8442622950819673,0.6776859504132231,244,42,"[[206, 38], [1, 41]]","[[0.8442622950819673, 0.1557377049180328], [0.023809523809523808, 0.9761904761904762]]",0.957552693208431,0.8157575220571812,0.057771352811734435,youden_j
0.384902,0.9020979020979021,0.8243559718969555,0.6521739130434783,0.7142857142857143,0.7142857142857143,0.9344262295081968,0.6818181818181818,244,42,"[[228, 16], [12, 30]]","[[0.9344262295081968, 0.06557377049180328], [0.2857142857142857, 0.7142857142857143]]",0.957552693208431,0.8157575220571812,0.057771352811734435,sensitivity_priority
0.5,0.9125874125874126,0.8107923497267759,0.717948717948718,0.6666666666666666,0.6666666666666666,0.9549180327868853,0.691358024691358,244,42,"[[233, 11], [14, 28]]","[[0.9549180327868853, 0.045081967213114756], [0.3333333333333333, 0.6666666666666666]]",0.957552693208431,0.8157575220571812,0.057771352811734435,fixed_0_5
0.435789,0.9055944055944056,0.8066939890710383,0.6829268292682927,0.6666666666666666,0.6666666666666666,0.9467213114754098,0.6746987951807228,244,42,"[[231, 13], [14, 28]]","[[0.9467213114754098, 0.05327868852459016], [0.3333333333333333, 0.6666666666666666]]",0.957552693208431,0.8157575220571812,0.057771352811734435,best_f1
