threshold,accuracy,balanced_accuracy,precision,recall,specificity,f1,roc_auc,pr_auc,brier_score,tn,fp,fn,tp,support_negative,support_positive,false_positive_rate,false_negative_rate
0.7999999999999999,0.958041958041958,0.960944099378882,0.9869281045751634,0.937888198757764,0.984,0.9617834394904459,0.9866832298136646,0.9826495229460152,0.02561403263162596,123,2,10,151,125,161,0.016,0.062111801242236024
