threshold,accuracy,balanced_accuracy,precision,recall,specificity,f1,roc_auc,pr_auc,brier_score,tn,fp,fn,tp,support_negative,support_positive,false_positive_rate,false_negative_rate
0.7999999999999999,0.9370629370629371,0.9405217391304348,0.9735099337748344,0.9130434782608695,0.968,0.9423076923076923,0.9851925465838509,0.981249759226345,0.029258281349627036,121,4,14,147,125,161,0.032,0.08695652173913043
