model_version,dataset_name,threshold,accuracy,balanced_accuracy,precision,recall,sensitivity,specificity,f1,support_negative,support_positive,confusion_matrix,normalized_confusion_matrix,roc_auc,pr_auc,brier_score,method
rf_elimination_v4_experimental_research,dataset_elimination_core,0.12066615947080635,0.8076923076923077,0.8399859943977591,0.37037037037037035,0.8823529411764706,0.8823529411764706,0.7976190476190477,0.5217391304347826,252,34,"[[201, 51], [4, 30]]","[[0.7976190476190477, 0.20238095238095238], [0.11764705882352941, 0.8823529411764706]]",0.884453781512605,0.5328832524979693,0.07664108758944546,youden_j
rf_elimination_v4_experimental_research,dataset_elimination_core,0.13513,0.8181818181818182,0.8332166199813258,0.3815789473684211,0.8529411764705882,0.8529411764705882,0.8134920634920635,0.5272727272727272,252,34,"[[205, 47], [5, 29]]","[[0.8134920634920635, 0.1865079365079365], [0.14705882352941177, 0.8529411764705882]]",0.884453781512605,0.5328832524979693,0.07664108758944546,sensitivity_priority
rf_elimination_v4_experimental_research,dataset_elimination_core,0.337829,0.8951048951048951,0.7369281045751634,0.5625,0.5294117647058824,0.5294117647058824,0.9444444444444444,0.5454545454545454,252,34,"[[238, 14], [16, 18]]","[[0.9444444444444444, 0.05555555555555555], [0.47058823529411764, 0.5294117647058824]]",0.884453781512605,0.5328832524979693,0.07664108758944546,best_f1
rf_elimination_v4_experimental_research,dataset_elimination_core,0.5,0.8881118881118881,0.5930205415499533,0.5833333333333334,0.20588235294117646,0.20588235294117646,0.9801587301587301,0.30434782608695654,252,34,"[[247, 5], [27, 7]]","[[0.9801587301587301, 0.01984126984126984], [0.7941176470588235, 0.20588235294117646]]",0.884453781512605,0.5328832524979693,0.07664108758944546,fixed_0_5
